-- ============================================================
-- Seed data cho KeyCap Server
-- Schema source: src/main/java/com/vn/keycap_server/modal
-- Password test user phuchau.nam2005@gmail.com: 123456 (BCrypt)
-- ============================================================

SET NAMES utf8mb4;

-- Disable foreign key checks
SET FOREIGN_KEY_CHECKS = 0;

-- Clean old data
DELETE FROM review_images;
DELETE FROM review_replies;
DELETE FROM reviews;
DELETE FROM order_status_history;
DELETE FROM order_items;
DELETE FROM orders;
DELETE FROM cart_items;
DELETE FROM wishlists;
DELETE FROM invalidated_tokens;
DELETE FROM addresses;
DELETE FROM users;
DELETE FROM medias;
DELETE FROM product_variant_attributes;
DELETE FROM product_variants;
DELETE FROM product_specifications;
DELETE FROM product_images;
DELETE FROM products;
DELETE FROM product_types;
DELETE FROM brands;
DELETE FROM categories;

-- Reset auto increment
ALTER TABLE categories AUTO_INCREMENT = 1;
ALTER TABLE brands AUTO_INCREMENT = 1;
ALTER TABLE product_types AUTO_INCREMENT = 1;
ALTER TABLE products AUTO_INCREMENT = 1;
ALTER TABLE product_images AUTO_INCREMENT = 1;
ALTER TABLE product_specifications AUTO_INCREMENT = 1;
ALTER TABLE product_variants AUTO_INCREMENT = 1;
ALTER TABLE product_variant_attributes AUTO_INCREMENT = 1;
ALTER TABLE medias AUTO_INCREMENT = 1;
ALTER TABLE users AUTO_INCREMENT = 1;
ALTER TABLE addresses AUTO_INCREMENT = 1;
ALTER TABLE invalidated_tokens AUTO_INCREMENT = 1;
ALTER TABLE wishlists AUTO_INCREMENT = 1;
ALTER TABLE cart_items AUTO_INCREMENT = 1;
ALTER TABLE orders AUTO_INCREMENT = 1;
ALTER TABLE order_items AUTO_INCREMENT = 1;
ALTER TABLE order_status_history AUTO_INCREMENT = 1;
ALTER TABLE reviews AUTO_INCREMENT = 1;
ALTER TABLE review_replies AUTO_INCREMENT = 1;

-- Enable foreign key checks for real insert validation
SET FOREIGN_KEY_CHECKS = 1;

-- Roles
-- Không có Role entity/table. Role được lưu trong users.role bằng enum ERole: ADMIN, STAFF, USER.

-- Categories
INSERT INTO categories (id, name, slug, description, created_at, updated_at) VALUES
(1, 'Bàn phím cơ', 'ban-phim-co', 'Bàn phím cơ prebuilt, wireless và custom keyboard dùng ngay.', '2026-06-01', '2026-06-01'),
(2, 'Keyboard kit', 'keyboard-kit', 'Kit/barebone keyboard cho người tự build và mod.', '2026-06-01', '2026-06-01'),
(3, 'Switch', 'switch', 'Switch cơ và magnetic switch cho bàn phím.', '2026-06-01', '2026-06-01'),
(4, 'Keycap', 'keycap', 'Bộ keycap PBT/ABS nhiều profile.', '2026-06-01', '2026-06-01'),
(5, 'Stabilizer', 'stabilizer', 'Stabilizer và phụ kiện cân bằng phím dài.', '2026-06-01', '2026-06-01'),
(6, 'Deskmat', 'deskmat', 'Deskmat cỡ lớn cho setup bàn phím.', '2026-06-01', '2026-06-01'),
(7, 'Phụ kiện setup', 'phu-kien-setup', 'Cáp, plate, foam mod và dụng cụ custom.', '2026-06-01', '2026-06-01'),
(8, 'Chuột gaming', 'chuot-gaming', 'Chuột gaming và chuột wireless cho setup.', '2026-06-01', '2026-06-01');

-- Brands
INSERT INTO brands (id, name, slug, image_url, description, created_at, updated_at) VALUES
('1', 'Keychron', 'keychron', 'https://cdn.shopify.com/s/files/1/0059/0630/1017/files/keychron-logo.png', 'Thương hiệu bàn phím cơ QMK/VIA, nhiều layout và hỗ trợ macOS/Windows tốt.', '2026-06-01', '2026-06-01'),
('11', 'Weikav', 'weikav', NULL, 'Thương hiệu bàn phím cơ khung nhôm CNC với các layout phổ biến như 75% và fullsize.', '2026-06-01', '2026-06-01'),
('12', 'Yunzii', 'yunzii', NULL, 'Thương hiệu bàn phím cơ prebuilt nổi bật với phối màu trẻ trung và nhiều layout gọn.', '2026-06-01', '2026-06-01'),
('13', 'PMO', 'pmo', NULL, 'Dòng bàn phím cơ phổ thông hướng tới phân khúc giá tốt, nhiều màu sắc dễ dùng.', '2026-06-01', '2026-06-01'),
('14', 'Leobog', 'leobog', NULL, 'Thương hiệu bàn phím cơ prebuilt và switch được cộng đồng custom keyboard sử dụng rộng rãi.', '2026-06-01', '2026-06-01'),
('15', 'Aula', 'aula', NULL, 'Thương hiệu bàn phím gaming phổ thông với RGB, kết nối đa chế độ và thiết kế dễ tiếp cận.', '2026-06-01', '2026-06-01'),
('16', 'EVO', 'evo', NULL, 'Dòng bàn phím cơ khung nhôm CNC cao cấp được phân phối trong cộng đồng phím cơ.', '2026-06-01', '2026-06-01'),
('17', 'Kicap', 'kicap', NULL, 'Shop/brand Việt Nam chuyên keycap, bàn phím cơ và phụ kiện setup phím cơ.', '2026-06-01', '2026-06-01'),
('18', 'OMO', 'omo', NULL, 'Thương hiệu bàn phím cơ prebuilt với phối màu dễ thương, âm gõ êm và layout fullsize.', '2026-06-01', '2026-06-01'),
('19', 'Mchose', 'mchose', NULL, 'Thương hiệu bàn phím cơ phổ thông nổi bật với layout 75/98%, knob và âm gõ đầm.', '2026-06-01', '2026-06-01'),
('20', 'Zen', 'zen', NULL, 'Dòng bàn phím khung nhôm CNC layout gọn, hướng tới trải nghiệm custom cao cấp.', '2026-06-01', '2026-06-01'),
('21', 'Furycube', 'furycube', NULL, 'Thương hiệu keyboard/keycap với thiết kế trẻ trung, nhiều sản phẩm CNC và PBT.', '2026-06-01', '2026-06-01'),
('22', 'Monka', 'monka', NULL, 'Thương hiệu bàn phím cơ giá tốt, phối màu retro và layout dễ dùng.', '2026-06-01', '2026-06-01'),
('23', 'Lofree', 'lofree', NULL, 'Thương hiệu bàn phím low profile thiết kế mỏng nhẹ, phong cách tối giản.', '2026-06-01', '2026-06-01'),
('24', 'Cherry', 'cherry', NULL, 'Thương hiệu lâu đời trong hệ sinh thái phím cơ, nổi tiếng với switch và profile keycap Cherry.', '2026-06-01', '2026-06-01'),
('25', 'XVX', 'xvx', NULL, 'Thương hiệu keycap phổ thông với nhiều bộ xuyên led và profile dễ dùng.', '2026-06-01', '2026-06-01'),
('26', 'MOC', 'moc', NULL, 'Dòng keycap theme vui nhộn, phối màu nổi bật cho setup cá nhân.', '2026-06-01', '2026-06-01'),
('27', 'MAO', 'mao', NULL, 'Thương hiệu keycap theme dễ thương, phù hợp setup màu sáng và cute.', '2026-06-01', '2026-06-01'),
('28', 'Piifox', 'piifox', NULL, 'Thương hiệu keycap cao cấp với nhiều bộ Cherry profile và phối màu độc đáo.', '2026-06-01', '2026-06-01'),
('29', 'Aifei', 'aifei', NULL, 'Thương hiệu keycap phổ biến trong cộng đồng với nhiều profile như SA và Cherry.', '2026-06-01', '2026-06-01'),
('30', 'Wooting', 'wooting', NULL, 'Thương hiệu bàn phím gaming analog, đồng thời có keycap xuyên led cho layout gaming.', '2026-06-01', '2026-06-01'),
('31', 'HMX', 'hmx', NULL, 'Nhà sản xuất switch linear được cộng đồng custom keyboard ưa chuộng nhờ âm clacky/creamy.', '2026-06-01', '2026-06-01'),
('32', 'Keygeek', 'keygeek', NULL, 'Thương hiệu switch custom nổi bật với chất âm creamy và housing tản led.', '2026-06-01', '2026-06-01'),
('33', 'MMD', 'mmd', NULL, 'Thương hiệu switch giá tốt với nhiều dòng silent và linear mượt.', '2026-06-01', '2026-06-01'),
('34', 'Outemu', 'outemu', NULL, 'Nhà sản xuất switch phổ thông, nhiều dòng silent/linear/tactile có giá dễ tiếp cận.', '2026-06-01', '2026-06-01');

-- Product Types
INSERT INTO product_types (id, name, slug, description, created_at, updated_at) VALUES
(1, 'Prebuilt Keyboard', 'prebuilt-keyboard', 'Bàn phím hoàn chỉnh có switch và keycap.', '2026-06-01', '2026-06-01'),
(2, 'Barebone Kit', 'barebone-kit', 'Kit bàn phím chưa bao gồm switch/keycap.', '2026-06-01', '2026-06-01'),
(3, 'Mechanical Switch', 'mechanical-switch', 'Switch bán theo pack hoặc hộp.', '2026-06-01', '2026-06-01'),
(4, 'Keycap Set', 'keycap-set', 'Bộ keycap cho nhiều layout.', '2026-06-01', '2026-06-01'),
(5, 'Stabilizer', 'stabilizer', 'Stabilizer và phụ kiện cân phím dài.', '2026-06-01', '2026-06-01'),
(6, 'Deskmat', 'deskmat', 'Thảm bàn cỡ lớn.', '2026-06-01', '2026-06-01'),
(7, 'Cable & Modding Tool', 'cable-modding-tool', 'Cáp custom và dụng cụ mod keyboard.', '2026-06-01', '2026-06-01'),
(8, 'Gaming Mouse', 'gaming-mouse', 'Chuột gaming có dây hoặc không dây.', '2026-06-01', '2026-06-01');

-- Users
INSERT INTO users (id, full_name, date_of_birth, gender, phone, salary, email, password, avatar_media_id, role, created_at, updated_at) VALUES
(1, 'Phan Phúc Hậu', '2005-04-18', 'MALE', '0905123456', 12000000, 'phuchau.nam2005@gmail.com', '$2a$10$xYfY.1qZ06Romz4v.qG5suf7Oy4aALDs.HM6OswjJ15BKjJN31r7W', NULL, 'USER', '2026-06-01', '2026-06-10'),
(2, 'Nguyễn Minh Anh', '1998-04-12', 'FEMALE', '0901123456', 18000000, 'minhanh@example.com', '$2a$10$xYfY.1qZ06Romz4v.qG5suf7Oy4aALDs.HM6OswjJ15BKjJN31r7W', NULL, 'USER', '2026-06-01', '2026-06-10'),
(3, 'Trần Quốc Bảo', '1996-09-23', 'MALE', '0902234567', 22000000, 'quocbao@example.com', '$2a$10$xYfY.1qZ06Romz4v.qG5suf7Oy4aALDs.HM6OswjJ15BKjJN31r7W', NULL, 'USER', '2026-06-01', '2026-06-10'),
(4, 'Lê Hoàng Duy', '1993-11-05', 'MALE', '0903345678', 26000000, 'hoangduy@example.com', '$2a$10$xYfY.1qZ06Romz4v.qG5suf7Oy4aALDs.HM6OswjJ15BKjJN31r7W', NULL, 'USER', '2026-06-01', '2026-06-10'),
(5, 'Phạm Thu Hà', '2000-01-19', 'FEMALE', '0904456789', 16000000, 'thuha@example.com', '$2a$10$xYfY.1qZ06Romz4v.qG5suf7Oy4aALDs.HM6OswjJ15BKjJN31r7W', NULL, 'USER', '2026-06-01', '2026-06-10'),
(6, 'Võ Nhật Nam', '1995-07-30', 'MALE', '0905567890', 30000000, 'nhatnam@example.com', '$2a$10$xYfY.1qZ06Romz4v.qG5suf7Oy4aALDs.HM6OswjJ15BKjJN31r7W', NULL, 'USER', '2026-06-01', '2026-06-10'),
(7, 'Đặng Bảo Ngọc', '1999-12-08', 'FEMALE', '0906678901', 21000000, 'baongoc@example.com', '$2a$10$xYfY.1qZ06Romz4v.qG5suf7Oy4aALDs.HM6OswjJ15BKjJN31r7W', NULL, 'USER', '2026-06-01', '2026-06-10'),
(8, 'Bùi Gia Hưng', '1997-06-14', 'MALE', '0907789012', 24000000, 'giahung@example.com', '$2a$10$xYfY.1qZ06Romz4v.qG5suf7Oy4aALDs.HM6OswjJ15BKjJN31r7W', NULL, 'USER', '2026-06-01', '2026-06-10'),
(9, 'Mai Khánh Linh', '2001-03-27', 'FEMALE', '0908890123', 15000000, 'khanhlinh@example.com', '$2a$10$xYfY.1qZ06Romz4v.qG5suf7Oy4aALDs.HM6OswjJ15BKjJN31r7W', NULL, 'USER', '2026-06-01', '2026-06-10'),
(10, 'Admin KeyCap', '1990-02-02', 'OTHER', '0911000001', 45000000, 'admin@keycap.local', '$2a$10$xYfY.1qZ06Romz4v.qG5suf7Oy4aALDs.HM6OswjJ15BKjJN31r7W', NULL, 'ADMIN', '2026-06-01', '2026-06-10'),
(11, 'Staff CSKH', '1997-10-20', 'FEMALE', '0911000003', 25000000, 'staff.cskh@keycap.local', '$2a$10$xYfY.1qZ06Romz4v.qG5suf7Oy4aALDs.HM6OswjJ15BKjJN31r7W', NULL, 'STAFF', '2026-06-01', '2026-06-10'),
(12, 'Staff Kho Hàng', '1994-05-16', 'MALE', '0911000002', 28000000, 'staff.kho@keycap.local', '$2a$10$xYfY.1qZ06Romz4v.qG5suf7Oy4aALDs.HM6OswjJ15BKjJN31r7W', NULL, 'STAFF', '2026-06-01', '2026-06-10');

-- Addresses
INSERT INTO addresses (id, recipient_name, phone_number, province_code, province_name, district_code, district_name, ward_code, ward_name, street, full_address, latitude, longitude, is_default, user_id, created_at, updated_at) VALUES
(3, 'Nguyễn Minh Anh', '0901123456', '79', 'Thành phố Hồ Chí Minh', '769', 'Quận Phú Nhuận', '27064', 'Phường 9', '82 Nguyễn Văn Trỗi', '82 Nguyễn Văn Trỗi, Phường 9, Quận Phú Nhuận, Thành phố Hồ Chí Minh', 10.797992, 106.674991, true, 2, '2026-06-02', '2026-06-10'),
(4, 'Trần Quốc Bảo', '0902234567', '01', 'Thành phố Hà Nội', '007', 'Quận Ba Đình', '00241', 'Phường Điện Biên', '20 Hoàng Diệu', '20 Hoàng Diệu, Phường Điện Biên, Quận Ba Đình, Thành phố Hà Nội', 21.034304, 105.836694, true, 3, '2026-06-02', '2026-06-10'),
(5, 'Lê Hoàng Duy', '0903345678', '48', 'Thành phố Đà Nẵng', '492', 'Quận Hải Châu', '20275', 'Phường Hải Châu I', '18 Bạch Đằng', '18 Bạch Đằng, Phường Hải Châu I, Quận Hải Châu, Thành phố Đà Nẵng', 16.070131, 108.224456, true, 4, '2026-06-03', '2026-06-10'),
(6, 'Phạm Thu Hà', '0904456789', '92', 'Thành phố Cần Thơ', '916', 'Quận Ninh Kiều', '31117', 'Phường Tân An', '22 Hai Bà Trưng', '22 Hai Bà Trưng, Phường Tân An, Quận Ninh Kiều, Thành phố Cần Thơ', 10.034185, 105.788857, true, 5, '2026-06-03', '2026-06-10'),
(7, 'Võ Nhật Nam', '0905567890', '31', 'Thành phố Hải Phòng', '303', 'Quận Ngô Quyền', '11311', 'Phường Máy Tơ', '5 Lạch Tray', '5 Lạch Tray, Phường Máy Tơ, Quận Ngô Quyền, Thành phố Hải Phòng', 20.844912, 106.688084, true, 6, '2026-06-04', '2026-06-10'),
(8, 'Đặng Bảo Ngọc', '0906678901', '56', 'Tỉnh Khánh Hòa', '568', 'Thành phố Nha Trang', '22501', 'Phường Lộc Thọ', '40 Trần Phú', '40 Trần Phú, Phường Lộc Thọ, Thành phố Nha Trang, Tỉnh Khánh Hòa', 12.238791, 109.196749, true, 7, '2026-06-04', '2026-06-10'),
(9, 'Bùi Gia Hưng', '0907789012', '74', 'Tỉnh Bình Dương', '718', 'Thành phố Thủ Dầu Một', '25741', 'Phường Phú Cường', '9 Yersin', '9 Yersin, Phường Phú Cường, Thành phố Thủ Dầu Một, Tỉnh Bình Dương', 10.98046, 106.651917, true, 8, '2026-06-05', '2026-06-10'),
(10, 'Mai Khánh Linh', '0908890123', '75', 'Tỉnh Đồng Nai', '731', 'Thành phố Biên Hòa', '26041', 'Phường Quyết Thắng', '15 Võ Thị Sáu', '15 Võ Thị Sáu, Phường Quyết Thắng, Thành phố Biên Hòa, Tỉnh Đồng Nai', 10.94469, 106.824322, true, 9, '2026-06-05', '2026-06-10'),
(11, 'Nguyễn Minh Anh - Công ty', '0901123456', '79', 'Thành phố Hồ Chí Minh', '760', 'Quận 1', '26740', 'Phường Bến Thành', '1 Lê Lợi', '1 Lê Lợi, Phường Bến Thành, Quận 1, Thành phố Hồ Chí Minh', 10.773111, 106.698301, false, 2, '2026-06-06', '2026-06-10'),
(12, 'Trần Quốc Bảo - Studio', '0902234567', '01', 'Thành phố Hà Nội', '021', 'Quận Đống Đa', '00691', 'Phường Láng Hạ', '101 Láng Hạ', '101 Láng Hạ, Phường Láng Hạ, Quận Đống Đa, Thành phố Hà Nội', 21.015426, 105.815944, false, 3, '2026-06-06', '2026-06-10');

-- Products
INSERT INTO products (id, name, slug, description, status, category_id, type_id, brand_id, created_at, updated_at) VALUES
(1, 'Keychron Q1 Pro QMK/VIA Wireless Custom Mechanical Keyboard', 'keychron-q1-pro-qmk-via-wireless-custom-mechanical-keyboard', 'Bàn phím nhôm 75%, gasket mount, Bluetooth và USB-C, hỗ trợ QMK/VIA cho Mac/Windows.', 'AVAILABLE', 1, 1, 1, '2026-06-01', '2026-06-10'),
(2, 'Keychron K8 Pro QMK/VIA Wireless Mechanical Keyboard', 'keychron-k8-pro-qmk-via-wireless-mechanical-keyboard', 'Bàn phím TKL hotswap, keycap PBT, firmware QMK/VIA và kết nối không dây.', 'AVAILABLE', 1, 1, 1, '2026-06-01', '2026-06-10'),
(3, 'Keychron Q1 Max QMK/VIA Wireless Custom Mechanical Keyboard', 'keychron-q1-max-qmk-via-wireless-custom-mechanical-keyboard', 'Q1 Max có 2.4GHz, Bluetooth, vỏ nhôm và Gateron Jupiter switch.', 'AVAILABLE', 1, 1, 1, '2026-06-01', '2026-06-10'),
(4, 'Keychron V1 Max QMK/VIA Wireless Custom Mechanical Keyboard', 'keychron-v1-max-qmk-via-wireless-custom-mechanical-keyboard', 'Bàn phím 75% vỏ nhựa có knob, hotswap, 2.4GHz/Bluetooth/USB-C.', 'AVAILABLE', 1, 1, 1, '2026-06-01', '2026-06-10'),
(5, 'Keychron Q2 Max QMK/VIA Wireless Custom Mechanical Keyboard', 'keychron-q2-max-qmk-via-wireless-custom-mechanical-keyboard', 'Bàn phím nhôm 65% Q Max, gasket mount, tri-mode và knob.', 'AVAILABLE', 1, 1, 1, '2026-06-01', '2026-06-10'),
(6, 'Keychron V3 Max QMK/VIA Wireless Custom Mechanical Keyboard', 'keychron-v3-max-qmk-via-wireless-custom-mechanical-keyboard', 'V3 Max TKL tri-mode có knob, hotswap, foam tiêu âm và QMK/VIA.', 'AVAILABLE', 1, 1, 1, '2026-06-01', '2026-06-10'),
(7, 'Keychron K2 HE Wireless Magnetic Switch Keyboard', 'keychron-k2-he-wireless-magnetic-switch-keyboard', 'Bàn phím magnetic switch 75%, hỗ trợ rapid trigger và nhiều chế độ kết nối.', 'AVAILABLE', 1, 1, 1, '2026-06-01', '2026-06-10'),
(8, 'Keychron K3 Max QMK/VIA Wireless Low Profile Mechanical Keyboard', 'keychron-k3-max-qmk-via-wireless-low-profile-mechanical-keyboard', 'Bàn phím low-profile 75%, QMK/VIA, kết nối 2.4GHz, Bluetooth và USB-C.', 'AVAILABLE', 1, 1, 1, '2026-06-01', '2026-06-10'),
(9, 'Keychron B1 Pro Ultra-Slim Wireless Keyboard', 'keychron-b1-pro-ultra-slim-wireless-keyboard', 'Bàn phím siêu mỏng cho văn phòng, nhiều màu, pin lâu và đa thiết bị.', 'AVAILABLE', 1, 1, 1, '2026-06-01', '2026-06-10'),
(10, 'Keychron Q3 Max QMK/VIA Wireless Custom Mechanical Keyboard', 'keychron-q3-max-qmk-via-wireless-custom-mechanical-keyboard', 'Q3 Max TKL vỏ nhôm, tri-mode, knob và Gateron Jupiter switch.', 'AVAILABLE', 1, 1, 1, '2026-06-01', '2026-06-10'),
(11, 'Keychron Q5 Max QMK/VIA Wireless Custom Mechanical Keyboard', 'keychron-q5-max-qmk-via-wireless-custom-mechanical-keyboard', 'Bàn phím nhôm 96%, gasket mount, tri-mode, phù hợp người cần numpad gọn.', 'AVAILABLE', 1, 1, 1, '2026-06-01', '2026-06-10'),
(12, 'Keychron Q6 Max QMK/VIA Wireless Custom Mechanical Keyboard', 'keychron-q6-max-qmk-via-wireless-custom-mechanical-keyboard', 'Q6 Max full-size nhôm, tri-mode, QMK/VIA, phù hợp công việc cần numpad đầy đủ.', 'AVAILABLE', 1, 1, 1, '2026-06-01', '2026-06-10'),
(13, 'Keychron V5 Max QMK/VIA Wireless Custom Mechanical Keyboard', 'keychron-v5-max-qmk-via-wireless-custom-mechanical-keyboard', 'V5 Max layout 96%, knob, tri-mode và hotswap, cân bằng giữa gọn và đủ phím.', 'AVAILABLE', 1, 1, 1, '2026-06-01', '2026-06-10'),
(14, 'Keychron V6 Max QMK/VIA Wireless Custom Mechanical Keyboard', 'keychron-v6-max-qmk-via-wireless-custom-mechanical-keyboard', 'V6 Max full-size tri-mode, hotswap, foam và QMK/VIA cho văn phòng.', 'AVAILABLE', 1, 1, 1, '2026-06-01', '2026-06-10'),
(15, 'Keychron Q4 Pro QMK/VIA Wireless Custom Mechanical Keyboard', 'keychron-q4-pro-qmk-via-wireless-custom-mechanical-keyboard', 'Q4 Pro 60% vỏ nhôm, wireless, gasket mount và QMK/VIA.', 'AVAILABLE', 1, 1, 1, '2026-06-01', '2026-06-10'),
(16, 'Keychron Q5 Pro QMK/VIA Wireless Custom Mechanical Keyboard', 'keychron-q5-pro-qmk-via-wireless-custom-mechanical-keyboard', 'Q5 Pro nhôm 96%, wireless, QMK/VIA và knob cho workflow nhiều phím.', 'AVAILABLE', 1, 1, 1, '2026-06-01', '2026-06-10'),
(17, 'Keychron Q6 Pro QMK/VIA Wireless Custom Mechanical Keyboard', 'keychron-q6-pro-qmk-via-wireless-custom-mechanical-keyboard', 'Q6 Pro full-size nhôm, Bluetooth, QMK/VIA và hot-swap.', 'AVAILABLE', 1, 1, 1, '2026-06-01', '2026-06-10'),
(18, 'Keychron V2 Max QMK/VIA Wireless Custom Mechanical Keyboard', 'keychron-v2-max-qmk-via-wireless-custom-mechanical-keyboard', 'V2 Max 65%, tri-mode, knob và QMK/VIA, phù hợp setup gọn.', 'AVAILABLE', 1, 1, 1, '2026-06-01', '2026-06-10'),
(19, 'Keychron V4 Max QMK/VIA Wireless Custom Mechanical Keyboard', 'keychron-v4-max-qmk-via-wireless-custom-mechanical-keyboard', 'V4 Max 60%, tri-mode, hotswap, RGB và QMK/VIA.', 'AVAILABLE', 1, 1, 1, '2026-06-01', '2026-06-10'),
(20, 'Keychron M6 Wireless Mouse', 'keychron-m6-wireless-mouse', 'Chuột wireless ergonomic, cảm biến hiệu năng cao, có phiên bản 4K/8K.', 'AVAILABLE', 8, 8, 1, '2026-06-01', '2026-06-10'),
(21, 'Keychron M3 Wireless Mouse', 'keychron-m3-wireless-mouse', 'Chuột gaming wireless M3, nhiều phiên bản receiver, trọng lượng nhẹ.', 'AVAILABLE', 8, 8, 1, '2026-06-01', '2026-06-10'),
(22, 'Keychron M2 Wireless Mouse', 'keychron-m2-wireless-mouse', 'Chuột Keychron M2 wireless 4K/8K, form nhẹ cho gaming và làm việc.', 'AVAILABLE', 8, 8, 1, '2026-06-01', '2026-06-10'),
(23, 'Keychron Q11 QMK/VIA Split Custom Mechanical Keyboard', 'keychron-q11-qmk-via-split-custom-mechanical-keyboard', 'Bàn phím split 75% nhôm, knob đôi, QMK/VIA và layout công thái học.', 'AVAILABLE', 1, 1, 1, '2026-06-01', '2026-06-10'),
(24, 'Keychron V10 Max QMK/VIA Wireless Alice Mechanical Keyboard', 'keychron-v10-max-qmk-via-wireless-alice-mechanical-keyboard', 'V10 Max Alice layout, tri-mode, knob và QMK/VIA cho người thích ergonomics.', 'AVAILABLE', 1, 1, 1, '2026-06-01', '2026-06-10'),
(25, 'Keychron Q12 Max QMK/VIA Wireless Custom Mechanical Keyboard', 'keychron-q12-max-qmk-via-wireless-custom-mechanical-keyboard', 'Q12 Max 96% southpaw layout, vỏ nhôm, tri-mode và QMK/VIA.', 'AVAILABLE', 1, 1, 1, '2026-06-01', '2026-06-10'),
(26, 'Keychron Q14 Max QMK/VIA Wireless Alice Mechanical Keyboard', 'keychron-q14-max-qmk-via-wireless-alice-mechanical-keyboard', 'Q14 Max Alice layout, nhôm, tri-mode, knob, phù hợp người cần numpad và ergonomics.', 'AVAILABLE', 1, 1, 1, '2026-06-01', '2026-06-10'),
(27, 'Weikav NUT75 - Bàn phím cơ khung nhôm CNC thế hệ mới', 'weikav-nut75-ban-phim-co-khung-nhom-cnc-the-he-moi', 'Bàn phím 75% khung nhôm CNC, gasket mount, hotswap, RGB, knob và kết nối USB-C/Bluetooth/2.4GHz.', 'AVAILABLE', 1, 1, 11, '2026-06-01', '2026-06-10'),
(28, 'NUT108 - Bàn phím cơ Fullsize Weikav khung nhôm CNC nguyên khối', 'nut108-ban-phim-co-fullsize-weikav-khung-nhom-cnc-nguyen-khoi', 'Bàn phím fullsize Weikav khung nhôm CNC nguyên khối, led viền cao cấp, âm gõ đầm và layout đủ numpad.', 'AVAILABLE', 1, 1, 11, '2026-06-01', '2026-06-10'),
(29, 'EVO75 - Bàn phím cơ khung nhôm CNC cao cấp', 'evo75-ban-phim-co-khung-nhom-cnc-cao-cap', 'Bàn phím 75% khung nhôm CNC cao cấp, thiết kế hướng tới trải nghiệm gõ endgame và setup tối giản.', 'AVAILABLE', 1, 1, 16, '2026-06-01', '2026-06-10'),
(30, 'Yunzii C98 - Bàn phím cơ siêu cute tiếng êm', 'yunzii-c98-ban-phim-co-sieu-cute-tieng-em', 'Bàn phím cơ Yunzii C98 layout 98%, phối màu dễ thương, tiếng gõ êm và phù hợp góc làm việc nhiều phím.', 'AVAILABLE', 1, 1, 12, '2026-06-01', '2026-06-10'),
(31, 'PMO P75 - Bàn phím cơ 75% phân khúc 1 triệu', 'pmo-p75-ban-phim-co-75-phan-khuc-1-trieu', 'Bàn phím cơ PMO P75 layout 75%, giá dễ tiếp cận, phù hợp người mới chơi phím cơ và setup học tập/làm việc.', 'AVAILABLE', 1, 1, 13, '2026-06-01', '2026-06-10'),
(32, 'Yunzii C75 - Bàn phím cơ siêu cute tiếng êm', 'yunzii-c75-ban-phim-co-sieu-cute-tieng-em', 'Bàn phím Yunzii C75 layout 75%, phối màu nổi bật, âm gõ êm và kích thước gọn cho bàn làm việc.', 'AVAILABLE', 1, 1, 12, '2026-06-01', '2026-06-10'),
(33, 'Leobog Hi98 C Pro - Bàn phím cơ khung nhôm CNC Fullsize', 'leobog-hi98-c-pro-ban-phim-co-khung-nhom-cnc-fullsize', 'Bàn phím Leobog Hi98 C Pro layout 98%, khung nhôm CNC, cảm giác gõ đầm và vẫn giữ cụm numpad tiện dụng.', 'AVAILABLE', 1, 1, 14, '2026-06-01', '2026-06-10'),
(34, 'Aula F87 Pro v2 - Bàn phím 3 mode RGB màn LCD', 'aula-f87-pro-v2-ban-phim-3-mode-rgb-man-lcd', 'Bàn phím Aula F87 Pro v2 layout TKL, 3 mode, RGB và màn LCD trang trí độc đáo cho setup gaming.', 'AVAILABLE', 1, 1, 15, '2026-06-01', '2026-06-10'),
(35, 'Bộ keycap Mictlan ABS Doubleshot', 'bo-keycap-mictlan-abs-doubleshot', 'Bộ keycap theme Mictlan, chất liệu ABS doubleshot, phối màu nổi bật cho layout phổ thông.', 'AVAILABLE', 4, 4, 17, '2026-06-01', '2026-06-10'),
(36, 'Bộ keycap Cherry JTK Classic FC Clone cao cấp', 'bo-keycap-cherry-jtk-classic-fc-clone-cao-cap', 'Bộ keycap Cherry profile phong cách JTK Classic FC, tông màu cổ điển, phù hợp nhiều layout bàn phím cơ.', 'AVAILABLE', 4, 4, 17, '2026-06-01', '2026-06-10'),
(37, 'Bộ keycap Cherry Stone Age', 'bo-keycap-cherry-stone-age', 'Bộ keycap Cherry Stone Age với phối màu vintage, phù hợp setup retro và bàn phím cơ tông trung tính.', 'AVAILABLE', 4, 4, 17, '2026-06-01', '2026-06-10'),
(38, 'Bộ keycap Cherry Chemical 003 R2', 'bo-keycap-cherry-chemical-003-r2', 'Bộ keycap Cherry Chemical 003 R2 với phối màu xanh hóa học cá tính, phù hợp build phím cơ nổi bật.', 'AVAILABLE', 4, 4, 17, '2026-06-01', '2026-06-10'),
(39, 'Bộ keycap Cherry Olivia', 'bo-keycap-cherry-olivia', 'Bộ keycap Cherry Olivia tông đen hồng thanh lịch, dễ phối với nhiều màu case bàn phím cơ.', 'AVAILABLE', 4, 4, 17, '2026-06-01', '2026-06-10'),
(40, 'Bộ keycap Jamon PBT Doubleshot', 'bo-keycap-jamon-pbt-doubleshot', 'Bộ keycap Jamon PBT doubleshot phối đỏ kem ấm, bền màu và hợp các build phím cơ tông sáng.', 'AVAILABLE', 4, 4, 17, '2026-06-01', '2026-06-10'),
(41, 'Bộ keycap Botanical PBT Doubleshot', 'bo-keycap-botanical-pbt-doubleshot', 'Bộ keycap Botanical PBT doubleshot lấy cảm hứng thiên nhiên, phối xanh trắng nhẹ mắt cho setup sạch.', 'AVAILABLE', 4, 4, 17, '2026-06-01', '2026-06-10'),
(42, 'Bộ keycap Blue Samurai PBT Doubleshot', 'bo-keycap-blue-samurai-pbt-doubleshot', 'Bộ keycap Blue Samurai PBT doubleshot tông xanh navy và vàng, phù hợp setup gaming hoặc case tối màu.', 'AVAILABLE', 4, 4, 17, '2026-06-01', '2026-06-10'),
(43, 'Bộ keycap Rainy Day PBT Dyesub', 'bo-keycap-rainy-day-pbt-dyesub', 'Bộ keycap Rainy Day PBT dyesub với tông xanh xám dịu, tạo cảm giác mềm và dễ phối trên bàn làm việc.', 'AVAILABLE', 4, 4, 17, '2026-06-01', '2026-06-10'),
(44, 'Bộ keycap Arctic PBT Dyesub', 'bo-keycap-arctic-pbt-dyesub', 'Bộ keycap Arctic PBT dyesub tông xanh băng/trắng, phù hợp các build bàn phím cơ sáng màu.', 'AVAILABLE', 4, 4, 17, '2026-06-01', '2026-06-10'),
(45, 'Bàn phím cơ Omo100 - Full size Cute Silent', 'omo100-ban-phim-co-fullsize-cute-silent', 'Bàn phím cơ Omo100 fullsize phối màu cute, âm trầm êm và thiên hướng silent cho góc làm việc yên tĩnh.', 'AVAILABLE', 1, 1, 18, '2026-06-01', '2026-06-10'),
(46, 'Mchose G75 v2 - Bàn phím cơ 75% núm xoay âm đầm', 'mchose-g75-v2-ban-phim-co-75-num-xoay-am-dam', 'Mchose G75 v2 layout 75%, có núm xoay, kết nối đa chế độ và âm gõ đầm trong phân khúc phổ thông.', 'AVAILABLE', 1, 1, 19, '2026-06-01', '2026-06-10'),
(47, 'Bàn phím cơ Mchose G98 v2 - Núm xoay đẳng cấp', 'mchose-g98-v2-ban-phim-co-num-xoay-dang-cap', 'Mchose G98 v2 layout 98%, giữ cụm numpad gọn, có knob và âm gõ chắc cho nhu cầu làm việc nhiều số.', 'AVAILABLE', 1, 1, 19, '2026-06-01', '2026-06-10'),
(48, 'Zen65 1.6mm - Bàn phím cơ khung nhôm CNC 65%', 'zen65-1-6mm-ban-phim-co-khung-nhom-cnc-65', 'Zen65 layout 65% khung nhôm CNC cao cấp, PCB 1.6mm và form gọn cho người thích custom keyboard.', 'AVAILABLE', 1, 1, 20, '2026-06-01', '2026-06-10'),
(49, 'Furycube F75 Ultra - Bàn phím cơ CNC Catch Ball', 'furycube-f75-ultra-ban-phim-co-cnc-catch-ball', 'Furycube F75 Ultra layout 75%, khung nhôm CNC, thiết kế catch ball cao cấp và âm gõ chắc.', 'AVAILABLE', 1, 1, 21, '2026-06-01', '2026-06-10'),
(50, 'Bàn phím cơ Monka K75 Retro', 'monka-k75-ban-phim-co-retro', 'Monka K75 layout 75% phong cách retro, giá dễ tiếp cận, phù hợp người mới chơi phím cơ.', 'AVAILABLE', 1, 1, 22, '2026-06-01', '2026-06-10'),
(51, 'Lofree Flow Lite - Bàn phím cơ low profile siêu mỏng nhẹ', 'lofree-flow-lite-ban-phim-co-low-profile-sieu-mong-nhe', 'Lofree Flow Lite là bàn phím cơ low profile mỏng nhẹ, thiết kế tối giản và phù hợp di chuyển.', 'AVAILABLE', 1, 1, 23, '2026-06-01', '2026-06-10'),
(52, 'Bộ keycap Cherry Carbon', 'bo-keycap-cherry-carbon', 'Bộ keycap Cherry Carbon tông xám cam công nghiệp, dễ phối cùng case đen, xám hoặc bạc.', 'AVAILABLE', 4, 4, 24, '2026-06-01', '2026-06-10'),
(53, 'Bộ keycap Frozen Yogurt', 'bo-keycap-frozen-yogurt', 'Bộ keycap Frozen Yogurt phối màu pastel nhẹ mắt, phù hợp setup trắng, hồng hoặc xanh mint.', 'AVAILABLE', 4, 4, 17, '2026-06-01', '2026-06-10'),
(54, 'Bộ keycap XVX xuyên led 4 góc viền trắng', 'bo-keycap-xvx-xuyen-led-4-goc-vien-trang', 'Bộ keycap XVX xuyên led 4 góc, viền trắng nổi bật, phù hợp bàn phím RGB và setup gaming.', 'AVAILABLE', 4, 4, 25, '2026-06-01', '2026-06-10'),
(55, 'Bộ keycap Furycube Matcha', 'bo-keycap-furycube-matcha', 'Bộ keycap Furycube Matcha tông xanh trà sữa dịu, hợp các build trắng, kem và xanh pastel.', 'AVAILABLE', 4, 4, 21, '2026-06-01', '2026-06-10'),
(56, 'Bộ keycap MOC Ball Cap', 'bo-keycap-moc-ball-cap', 'Bộ keycap MOC Ball Cap theme vui nhộn, phối màu nổi bật cho các layout phổ thông.', 'AVAILABLE', 4, 4, 26, '2026-06-01', '2026-06-10'),
(57, 'Bộ keycap MAO Meo', 'bo-keycap-mao-meo', 'Bộ keycap MAO Meo theme mèo dễ thương, phù hợp setup cute và bàn phím màu sáng.', 'AVAILABLE', 4, 4, 27, '2026-06-01', '2026-06-10'),
(58, 'Bộ Keycap Cherry Piifox Natra', 'bo-keycap-cherry-piifox-natra', 'Bộ keycap Piifox Natra Cherry profile cao cấp, phối màu độc đáo cho build phím cơ cá tính.', 'AVAILABLE', 4, 4, 28, '2026-06-01', '2026-06-10'),
(59, 'Bộ keycap SA Aifei Yellow Screen', 'bo-keycap-sa-aifei-yellow-screen', 'Bộ keycap Aifei SA Yellow Screen profile cao, phối vàng đen nổi bật theo phong cách retro terminal.', 'AVAILABLE', 4, 4, 29, '2026-06-01', '2026-06-10'),
(60, 'Bộ keycap Wooting xuyên led Contour chữ in mặt bên', 'bo-keycap-wooting-xuyen-led-contour-chu-in-mat-ben', 'Bộ keycap Wooting xuyên led dạng contour, chữ in mặt bên, phù hợp bàn phím gaming RGB.', 'AVAILABLE', 4, 4, 30, '2026-06-01', '2026-06-10'),
(61, 'Switch HMX Pink Peach - Linear Silent', 'switch-hmx-pink-peach-linear-silent', 'Switch HMX Pink Peach linear silent, hành trình mượt và âm gõ yên tĩnh cho văn phòng.', 'AVAILABLE', 3, 3, 31, '2026-06-01', '2026-06-10'),
(62, 'Switch Keygeek x MZ Y3 - Linear âm deep creamy', 'switch-keygeek-x-mz-y3-linear-am-deep-creamy', 'Switch Keygeek x MZ Y3 linear với chất âm deep creamy, phù hợp build cần tiếng gõ trầm và mượt.', 'AVAILABLE', 3, 3, 32, '2026-06-01', '2026-06-10'),
(63, 'Switch MMD Blue Tide - Silent siêu mượt', 'switch-mmd-blue-tide-silent-sieu-muot', 'Switch MMD Blue Tide silent, hành trình mượt và giảm ồn tốt cho môi trường làm việc chung.', 'AVAILABLE', 3, 3, 33, '2026-06-01', '2026-06-10'),
(64, 'Switch Outemu Plasma - Silent Linear', 'switch-outemu-plasma-silent-linear', 'Switch Outemu Plasma silent linear giá tốt, hướng tới người cần switch im lặng và dễ mua số lượng lớn.', 'AVAILABLE', 3, 3, 34, '2026-06-01', '2026-06-10');

-- Product Images
INSERT INTO product_images (id, product_id, url, is_primary, sort_order, created_at, updated_at) VALUES
(1, 1, 'https://www.keychron.com/cdn/shop/products/Keychron-Q1-Pro-QMK-VIA-wireless-custom-mechanical-keyboard-knob-75-percent-layout-full-aluminum-grey-frame-for-Mac-Windows-Linux-with-RGB-backlight-hot-swappable-K-Pro-switch-red.jpg?v=1689309013&width=1920', true, 1, '2026-06-01', '2026-06-10'),
(2, 2, 'https://www.keychron.com/cdn/shop/products/Keychron-K8-Pro-QMK-VIA-Wireless-Mechanical-Keyboard-for-Mac-Windows-PBT-keycaps-B-PCB-screw-in-stabilizer-hot-swappable-Gateron-G-Pro-mechanical-blue-switch.jpg?v=1666259691&width=1920', true, 1, '2026-06-01', '2026-06-10'),
(3, 3, 'https://www.keychron.com/cdn/shop/files/Keychron-Q1-Max-QMK-VIA-Wireless-Custom-Mechanical-Keyboard-75_-Layout-Aluminum-White-Fully-Assembled-Knob-for-Mac-Windows-Linux-Gateron-Jupiter-Red.jpg?v=1753685590&width=1920', true, 1, '2026-06-01', '2026-06-10'),
(4, 4, 'https://www.keychron.com/cdn/shop/files/Keychron-V1-Max-QMK-VIA-Wireless-Custom-Mechanical-Keyboard-75-Percent-Layout-for-Mac-Windows-Linux-Barebone.jpg?v=1760933054&width=1920', true, 1, '2026-06-01', '2026-06-10'),
(5, 5, 'https://www.keychron.com/cdn/shop/files/Keychron-Q2-Max-QMK-VIA-Wireless-Custom-Mechanical-Keyboard-65_-Layout-Aluminum-White-Fully-Assembled-Knob-for-Mac-Windows-Linux-Gateron-Jupiter-Brown.jpg?v=1754098803&width=1920', true, 1, '2026-06-01', '2026-06-10'),
(6, 6, 'https://www.keychron.com/cdn/shop/files/Keychron-V3-Max-QMK-VIA-Wireless-Custom-Mechanical-Keyboard-TKL-Layout-Fully-Assembled-Knob-for-Mac-Windows-Barebone.jpg?v=1763454806&width=1920', true, 1, '2026-06-01', '2026-06-10'),
(7, 7, 'https://www.keychron.com/cdn/shop/files/Keychron-K2-HE-75-Percent-Layout-Wireless-Magnetic-Switch-Custom-Keyboard-Special-Edition-Wooden-White-RGB-Backlight-Double-Shot-PBT-Keycaps.jpg?v=1775881227&width=1920', true, 1, '2026-06-01', '2026-06-10'),
(8, 8, 'https://www.keychron.com/cdn/shop/files/K3-Max-Wireless-Mechanical-Keyboard-Red-Switch-White.jpg?v=1760344477&width=1920', true, 1, '2026-06-01', '2026-06-10'),
(9, 9, 'https://www.keychron.com/cdn/shop/files/Keychron-B1-Pro-Wireless-Keyboard-Retro-Blue-1.jpg?v=1761279283&width=1920', true, 1, '2026-06-01', '2026-06-10'),
(10, 10, 'https://www.keychron.com/cdn/shop/files/Keychron-Q3-Max-QMK-VIA-Wireless-Custom-Mechanical-Keyboard-80-percent-Layout-Aluminum-White-Fully-Assembled-Knob-for-Mac-Windows-Linux-Gateron-Jupiter-Red.jpg?v=1753756038&width=1920', true, 1, '2026-06-01', '2026-06-10'),
(11, 11, 'https://www.keychron.com/cdn/shop/files/Keychron-Q5-Max-QMK-VIA-Wireless-Custom-Mechanical-Keyboard-96_-Layout-Aluminum-White-Fully-Assembled-Knob-for-Mac-Windows-Linux-Gateron-Jupiter-Red.jpg?v=1753839750&width=1920', true, 1, '2026-06-01', '2026-06-10'),
(12, 12, 'https://www.keychron.com/cdn/shop/files/Keychron-Q6-Max-QMK-VIA-Wireless-Custom-Mechanical-Keyboard-100_-Layout-Aluminum-White-Fully-Assembled-Knob-for-Mac-Windows-Linux-Gateron-Jupiter-Red.jpg?v=1753926018&width=1920', true, 1, '2026-06-01', '2026-06-10'),
(13, 13, 'https://www.keychron.com/cdn/shop/files/Keychron-V5-Max-QMK-VIA-Wireless-Custom-Mechanical-Keyboard-96-Percent-Layout-Barebone-Knob-for-Mac-Windows-Linux.jpg?v=1763518792&width=1920', true, 1, '2026-06-01', '2026-06-10'),
(14, 14, 'https://www.keychron.com/cdn/shop/files/Keychron-V6-Max-QMK-VIA-Wireless-Custom-Mechanical-Keyboard-full-size-Layout-for-Mac-Windows-Linux-Barebone.jpg?v=1763084414&width=1920', true, 1, '2026-06-01', '2026-06-10'),
(15, 15, 'https://www.keychron.com/cdn/shop/products/Keychron-Q4-Pro-QMK-VIA-wireless-custom-mechanical-keyboard-60-percent-layout-full-aluminum-grey-frame-for-Mac-WIndows-Linux-with-RGB-backlight-and-hot-swappable-K-Pro-switch-red.jpg?v=1684318072&width=1920', true, 1, '2026-06-01', '2026-06-10'),
(16, 16, 'https://www.keychron.com/cdn/shop/products/Keychron-Q5-Pro-QMK-VIA-wireless-custom-mechanical-keyboard-96-percent-layout-full-aluminum-grey-frame-for-Mac-WIndows-Linux-with-RGB-backlight-and-hot-swappable-K-Pro-switch-red.jpg?v=1684981705&width=1920', true, 1, '2026-06-01', '2026-06-10'),
(17, 17, 'https://www.keychron.com/cdn/shop/products/Keychron-Q6-Pro-QMK-VIA-wireless-custom-mechanical-keyboard-100-percent-layout-full-aluminum-grey-frame-for-Mac-WIndows-Linux-with-RGB-backlight-and-hot-swappable-K-Pro-red.jpg?v=1688980427&width=1920', true, 1, '2026-06-01', '2026-06-10'),
(18, 18, 'https://www.keychron.com/cdn/shop/files/Keychron-V2-Max-QMK-VIA-Wireless-Custom-Mechanical-Keyboard-65-Percent-Layout-for-Mac-Windows-Linux-Barebone-Knob.jpg?v=1763454147&width=1920', true, 1, '2026-06-01', '2026-06-10'),
(19, 19, 'https://www.keychron.com/cdn/shop/files/Keychron-V4-Max-QMK-VIA-Wireless-Custom-Mechanical-Keyboard-60-Percent-Layout-Fully-Assembled-for-Mac-Windows-Barebone.jpg?v=1763456106&width=1920', true, 1, '2026-06-01', '2026-06-10'),
(20, 20, 'https://www.keychron.com/cdn/shop/files/Keychron-M6-wireless-8K-mouse-white..jpg?v=1762586831&width=1920', true, 1, '2026-06-01', '2026-06-10'),
(21, 21, 'https://www.keychron.com/cdn/shop/files/Keychron-M3-8K-wireless-mouse.jpg?v=1762337153&width=1920', true, 1, '2026-06-01', '2026-06-10'),
(22, 22, 'https://www.keychron.com/cdn/shop/files/Keychron-M2-8K-Wireless-Mouse-White.jpg?v=1750327348&width=1920', true, 1, '2026-06-01', '2026-06-10'),
(23, 23, 'https://www.keychron.com/cdn/shop/files/Keychron-Q11-QMK-VIA-75-percent-split-custom-mechanical-keyboard-full-aluminum-frame-for-Mac-Window-Linux-fully-assembled-knob-black-Keychron-super-switch-brown_b4358dd4-8cf5-4326-b29c-ecf61031de86.jpg?v=1758341615&width=1920', true, 1, '2026-06-01', '2026-06-10'),
(24, 24, 'https://www.keychron.com/cdn/shop/files/Keychron-V10-Max-QMK-VIA-Wireless-Custom-Mechanical-Keyboard-75-Percent-Alice-Layout-Barebone-Knob-for-Mac-Windows-Linux-2.jpg?v=1708938839&width=1920', true, 1, '2026-06-01', '2026-06-10'),
(25, 25, 'https://www.keychron.com/cdn/shop/files/Keychron-Q12-Max-QMK-VIA-Wireless-Custom-Mechanical-Keyboard-96-Percent-Layout-Aluminum-White-Fully-Assembled-Knob-for-Mac-Windows-Linux-Gateron-Jupiter-Brown.jpg?v=1754277894&width=1920', true, 1, '2026-06-01', '2026-06-10'),
(26, 26, 'https://www.keychron.com/cdn/shop/files/Keychron-Q14-Max-QMK-Wireless-Custom-Mechanical-Keyboard-96-Percent-Alice-Layout-Aluminum-White-Fully-Assembled-Knob-for-Mac-Windows-Linux-Gateron-Jupiter-Brown.jpg?v=1718699457&width=1920', true, 1, '2026-06-01', '2026-06-10'),
(27, 27, 'https://bizweb.dktcdn.net/thumb/large/100/436/596/products/1-1780753126080.png?v=1780753129223', true, 1, '2026-06-01', '2026-06-10'),
(28, 28, 'https://bizweb.dktcdn.net/thumb/large/100/436/596/products/1-1774530269666.png?v=1774530275133', true, 1, '2026-06-01', '2026-06-10'),
(29, 29, 'https://bizweb.dktcdn.net/thumb/large/100/436/596/products/1-1763995025845.png?v=1763995031250', true, 1, '2026-06-01', '2026-06-10'),
(30, 30, 'https://bizweb.dktcdn.net/thumb/large/100/436/596/products/1-1775644064031.png?v=1775644068707', true, 1, '2026-06-01', '2026-06-10'),
(31, 31, 'https://bizweb.dktcdn.net/thumb/large/100/436/596/products/1-1767371828195.png?v=1767371832717', true, 1, '2026-06-01', '2026-06-10'),
(32, 32, 'https://bizweb.dktcdn.net/thumb/large/100/436/596/products/1-1766048452702.png?v=1766048587033', true, 1, '2026-06-01', '2026-06-10'),
(33, 33, 'https://bizweb.dktcdn.net/thumb/large/100/436/596/products/1-1763883964580.png?v=1763883968293', true, 1, '2026-06-01', '2026-06-10'),
(34, 34, 'https://bizweb.dktcdn.net/thumb/large/100/436/596/products/1-1763999701543.png?v=1763999749387', true, 1, '2026-06-01', '2026-06-10'),
(35, 35, 'https://bizweb.dktcdn.net/thumb/large/100/436/596/products/2-1769091133933.png?v=1769091199727', true, 1, '2026-06-01', '2026-06-10'),
(36, 36, 'https://bizweb.dktcdn.net/thumb/large/100/436/596/products/4-1769092240210.png?v=1769092265693', true, 1, '2026-06-01', '2026-06-10'),
(37, 37, 'https://bizweb.dktcdn.net/thumb/large/100/436/596/products/1-1729422414591.png?v=1729422419747', true, 1, '2026-06-01', '2026-06-10'),
(38, 38, 'https://bizweb.dktcdn.net/thumb/large/100/436/596/products/3-1769092469255.png?v=1769092485687', true, 1, '2026-06-01', '2026-06-10'),
(39, 39, 'https://bizweb.dktcdn.net/thumb/large/100/436/596/products/1-1777891636344.png?v=1777891640953', true, 1, '2026-06-01', '2026-06-10'),
(40, 40, 'https://bizweb.dktcdn.net/thumb/large/100/436/596/products/9-1774002435283.png?v=1774002438927', true, 1, '2026-06-01', '2026-06-10'),
(41, 41, 'https://bizweb.dktcdn.net/thumb/large/100/436/596/products/2-1774002354104.png?v=1774002357030', true, 1, '2026-06-01', '2026-06-10'),
(42, 42, 'https://bizweb.dktcdn.net/thumb/large/100/436/596/products/keycap-pbt-doubleshot-1774004169195.png?v=1774004176893', true, 1, '2026-06-01', '2026-06-10'),
(43, 43, 'https://bizweb.dktcdn.net/thumb/large/100/436/596/products/6-1774080671414.png?v=1774080676340', true, 1, '2026-06-01', '2026-06-10'),
(44, 44, 'https://bizweb.dktcdn.net/thumb/large/100/436/596/products/keycap-pbt-arctic-1774081050354.png?v=1774081064997', true, 1, '2026-06-01', '2026-06-10'),
(45, 45, 'https://bizweb.dktcdn.net/thumb/large/100/436/596/products/1-1780918064395.png?v=1781597147117', true, 1, '2026-06-01', '2026-06-10'),
(46, 46, 'https://bizweb.dktcdn.net/thumb/large/100/436/596/products/1-1760709085015.png?v=1760709090323', true, 1, '2026-06-01', '2026-06-10'),
(47, 47, 'https://bizweb.dktcdn.net/thumb/large/100/436/596/products/1-1745577909801.png?v=1745577914627', true, 1, '2026-06-01', '2026-06-10'),
(48, 48, 'https://bizweb.dktcdn.net/thumb/large/100/436/596/products/1-1755854731421.png?v=1755854737367', true, 1, '2026-06-01', '2026-06-10'),
(49, 49, 'https://bizweb.dktcdn.net/thumb/large/100/436/596/products/1-1756481902027.png?v=1756481905667', true, 1, '2026-06-01', '2026-06-10'),
(50, 50, 'https://bizweb.dktcdn.net/thumb/large/100/436/596/products/1-1722432353157.png?v=1722432359497', true, 1, '2026-06-01', '2026-06-10'),
(51, 51, 'https://bizweb.dktcdn.net/thumb/large/100/436/596/products/1-1745684212180.png?v=1745730504880', true, 1, '2026-06-01', '2026-06-10'),
(52, 52, 'https://bizweb.dktcdn.net/thumb/large/100/436/596/products/2-1777891687556.png?v=1777891691743', true, 1, '2026-06-01', '2026-06-10'),
(53, 53, 'https://bizweb.dktcdn.net/thumb/large/100/436/596/products/5-1774080198321.png?v=1774080203217', true, 1, '2026-06-01', '2026-06-10'),
(54, 54, 'https://bizweb.dktcdn.net/thumb/large/100/436/596/products/1-1767936399689.png?v=1767936403697', true, 1, '2026-06-01', '2026-06-10'),
(55, 55, 'https://bizweb.dktcdn.net/thumb/large/100/436/596/products/1-1768318827905.png?v=1768318832647', true, 1, '2026-06-01', '2026-06-10'),
(56, 56, 'https://bizweb.dktcdn.net/thumb/large/100/436/596/products/1-1757085119769.png?v=1757085764863', true, 1, '2026-06-01', '2026-06-10'),
(57, 57, 'https://bizweb.dktcdn.net/thumb/large/100/436/596/products/1-1751473488129.png?v=1751473494260', true, 1, '2026-06-01', '2026-06-10'),
(58, 58, 'https://bizweb.dktcdn.net/thumb/large/100/436/596/products/1-min-1741279357312.png?v=1741279485240', true, 1, '2026-06-01', '2026-06-10'),
(59, 59, 'https://bizweb.dktcdn.net/thumb/large/100/436/596/products/2-1739797572304.png?v=1739797579630', true, 1, '2026-06-01', '2026-06-10'),
(60, 60, 'https://bizweb.dktcdn.net/thumb/large/100/436/596/products/1-1733219625148.png?v=1733219630377', true, 1, '2026-06-01', '2026-06-10'),
(61, 61, 'https://bizweb.dktcdn.net/thumb/large/100/436/596/products/1-1773076379481.png?v=1773076383843', true, 1, '2026-06-01', '2026-06-10'),
(62, 62, 'https://bizweb.dktcdn.net/thumb/large/100/436/596/products/1-1757314109449.png?v=1757314114923', true, 1, '2026-06-01', '2026-06-10'),
(63, 63, 'https://bizweb.dktcdn.net/thumb/large/100/436/596/products/1-1764127558797.png?v=1764127563923', true, 1, '2026-06-01', '2026-06-10'),
(64, 64, 'https://bizweb.dktcdn.net/thumb/large/100/436/596/products/1-1778469576472.png?v=1778469581643', true, 1, '2026-06-01', '2026-06-10');

-- Product Variants
INSERT INTO product_variants (id, product_id, sku, price, original_price, percent_discount, stock_quantity, created_at, updated_at) VALUES
(1, 1, 'KC-001-75-', 4490000, 4990000, 10, 6, '2026-06-01', '2026-06-10'),
(65, 1, 'KC-001-75-ALT', 4625000, 5140000, 10, 6, '2026-06-01', '2026-06-10'),
(2, 2, 'KC-002-TKL-80-', 2490000, 2790000, 11, 9, '2026-06-01', '2026-06-10'),
(66, 2, 'KC-002-TKL-80-ALT', 2565000, 2874000, 11, 9, '2026-06-01', '2026-06-10'),
(3, 3, 'KC-003-75-', 5290000, 5890000, 10, 5, '2026-06-01', '2026-06-10'),
(67, 3, 'KC-003-75-ALT', 5449000, 6067000, 10, 4, '2026-06-01', '2026-06-10'),
(4, 4, 'KC-004-75-', 2490000, 2790000, 11, 10, '2026-06-01', '2026-06-10'),
(68, 4, 'KC-004-75-ALT', 2565000, 2874000, 11, 10, '2026-06-01', '2026-06-10'),
(5, 5, 'KC-005-65-', 4990000, 5590000, 11, 5, '2026-06-01', '2026-06-10'),
(69, 5, 'KC-005-65-ALT', 5140000, 5758000, 11, 5, '2026-06-01', '2026-06-10'),
(6, 6, 'KC-006-TKL-80-', 2690000, 3090000, 13, 8, '2026-06-01', '2026-06-10'),
(70, 6, 'KC-006-TKL-80-ALT', 2771000, 3183000, 13, 8, '2026-06-01', '2026-06-10'),
(7, 7, 'KC-007-75-MAGNETIC', 3890000, 4390000, 11, 7, '2026-06-01', '2026-06-10'),
(71, 7, 'KC-007-75-MAGNETIC-ALT', 4007000, 4522000, 11, 7, '2026-06-01', '2026-06-10'),
(8, 8, 'KC-008-75-LOW-PROFILE', 2890000, 3290000, 12, 8, '2026-06-01', '2026-06-10'),
(72, 8, 'KC-008-75-LOW-PROFILE-ALT', 2977000, 3389000, 12, 7, '2026-06-01', '2026-06-10'),
(9, 9, 'KC-009-75-ULTRA-SLIM', 1190000, 1390000, 14, 13, '2026-06-01', '2026-06-10'),
(73, 9, 'KC-009-75-ULTRA-SLIM-ALT', 1226000, 1432000, 14, 12, '2026-06-01', '2026-06-10'),
(10, 10, 'KC-010-TKL-80-', 5390000, 5990000, 10, 4, '2026-06-01', '2026-06-10'),
(74, 10, 'KC-010-TKL-80-ALT', 5552000, 6170000, 10, 4, '2026-06-01', '2026-06-10'),
(11, 11, 'KC-011-96-', 5590000, 6190000, 10, 4, '2026-06-01', '2026-06-10'),
(75, 11, 'KC-011-96-ALT', 5758000, 6376000, 10, 3, '2026-06-01', '2026-06-10'),
(12, 12, 'KC-012-100-', 5790000, 6390000, 9, 3, '2026-06-01', '2026-06-10'),
(76, 12, 'KC-012-100-ALT', 5964000, 6582000, 9, 3, '2026-06-01', '2026-06-10'),
(13, 13, 'KC-013-96-', 2890000, 3290000, 12, 7, '2026-06-01', '2026-06-10'),
(77, 13, 'KC-013-96-ALT', 2977000, 3389000, 12, 6, '2026-06-01', '2026-06-10'),
(14, 14, 'KC-014-100-', 3090000, 3490000, 11, 6, '2026-06-01', '2026-06-10'),
(78, 14, 'KC-014-100-ALT', 3183000, 3595000, 11, 6, '2026-06-01', '2026-06-10'),
(15, 15, 'KC-015-60-', 4190000, 4690000, 11, 5, '2026-06-01', '2026-06-10'),
(79, 15, 'KC-015-60-ALT', 4316000, 4831000, 11, 5, '2026-06-01', '2026-06-10'),
(16, 16, 'KC-016-96-', 4890000, 5390000, 9, 5, '2026-06-01', '2026-06-10'),
(80, 16, 'KC-016-96-ALT', 5037000, 5552000, 9, 4, '2026-06-01', '2026-06-10'),
(17, 17, 'KC-017-100-', 5090000, 5590000, 9, 4, '2026-06-01', '2026-06-10'),
(81, 17, 'KC-017-100-ALT', 5243000, 5758000, 9, 4, '2026-06-01', '2026-06-10'),
(18, 18, 'KC-018-65-', 2490000, 2890000, 14, 9, '2026-06-01', '2026-06-10'),
(82, 18, 'KC-018-65-ALT', 2565000, 2977000, 14, 8, '2026-06-01', '2026-06-10'),
(19, 19, 'KC-019-60-', 2290000, 2690000, 15, 9, '2026-06-01', '2026-06-10'),
(83, 19, 'KC-019-60-ALT', 2359000, 2771000, 15, 9, '2026-06-01', '2026-06-10'),
(20, 20, 'KC-020-ERGONOMIC', 1290000, 1590000, 19, 10, '2026-06-01', '2026-06-10'),
(84, 20, 'KC-020-ERGONOMIC-ALT', 1329000, 1638000, 19, 10, '2026-06-01', '2026-06-10'),
(21, 21, 'KC-021-AMBIDEXTROUS', 1190000, 1490000, 20, 11, '2026-06-01', '2026-06-10'),
(85, 21, 'KC-021-AMBIDEXTROUS-ALT', 1226000, 1535000, 20, 11, '2026-06-01', '2026-06-10'),
(22, 22, 'KC-022-LIGHTWEIGHT', 1090000, 1390000, 22, 12, '2026-06-01', '2026-06-10'),
(86, 22, 'KC-022-LIGHTWEIGHT-ALT', 1123000, 1432000, 22, 12, '2026-06-01', '2026-06-10'),
(23, 23, 'KC-023-75-SPLIT-ALICE', 5290000, 5790000, 9, 3, '2026-06-01', '2026-06-10'),
(87, 23, 'KC-023-75-SPLIT-ALICE-ALT', 5449000, 5964000, 9, 3, '2026-06-01', '2026-06-10'),
(24, 24, 'KC-024-75-ALICE', 2990000, 3390000, 12, 6, '2026-06-01', '2026-06-10'),
(88, 24, 'KC-024-75-ALICE-ALT', 3080000, 3492000, 12, 5, '2026-06-01', '2026-06-10'),
(25, 25, 'KC-025-96-SOUTHPAW', 5790000, 6390000, 9, 3, '2026-06-01', '2026-06-10'),
(89, 25, 'KC-025-96-SOUTHPAW-ALT', 5964000, 6582000, 9, 2, '2026-06-01', '2026-06-10'),
(26, 26, 'KC-026-96-ALICE', 5990000, 6590000, 9, 2, '2026-06-01', '2026-06-10'),
(90, 26, 'KC-026-96-ALICE-ALT', 6170000, 6788000, 9, 2, '2026-06-01', '2026-06-10'),
(27, 27, 'WK-NUT75-CNC-75', 1750000, 1950000, 10, 9, '2026-06-01', '2026-06-10'),
(91, 27, 'WK-NUT75-CNC-75-ALT', 1803000, 2009000, 10, 9, '2026-06-01', '2026-06-10'),
(28, 28, 'WK-NUT108-FULL-CNC', 2600000, 2900000, 10, 6, '2026-06-01', '2026-06-10'),
(92, 28, 'WK-NUT108-FULL-CNC-ALT', 2678000, 2987000, 10, 6, '2026-06-01', '2026-06-10'),
(29, 29, 'EVO75-CNC-ENDGAME', 3900000, 4300000, 9, 4, '2026-06-01', '2026-06-10'),
(93, 29, 'EVO75-CNC-ENDGAME-ALT', 4017000, 4429000, 9, 4, '2026-06-01', '2026-06-10'),
(30, 30, 'YZ-C98-CUTE-98', 1900000, 2200000, 14, 7, '2026-06-01', '2026-06-10'),
(94, 30, 'YZ-C98-CUTE-98-ALT', 1957000, 2266000, 14, 7, '2026-06-01', '2026-06-10'),
(31, 31, 'PMO-P75-TRIMODE', 950000, 1200000, 21, 10, '2026-06-01', '2026-06-10'),
(95, 31, 'PMO-P75-TRIMODE-ALT', 979000, 1236000, 21, 10, '2026-06-01', '2026-06-10'),
(32, 32, 'YZ-C75-CUTE-75', 1850000, 2100000, 12, 8, '2026-06-01', '2026-06-10'),
(96, 32, 'YZ-C75-CUTE-75-ALT', 1906000, 2163000, 12, 8, '2026-06-01', '2026-06-10'),
(33, 33, 'LEO-HI98C-PRO-CNC', 1550000, 1800000, 14, 7, '2026-06-01', '2026-06-10'),
(97, 33, 'LEO-HI98C-PRO-CNC-ALT', 1597000, 1854000, 14, 6, '2026-06-01', '2026-06-10'),
(34, 34, 'AULA-F87-PRO-V2-LCD', 1050000, 1300000, 19, 5, '2026-06-01', '2026-06-10'),
(98, 34, 'AULA-F87-PRO-V2-LCD-ALT', 1082000, 1339000, 19, 5, '2026-06-01', '2026-06-10'),
(35, 35, 'KC-MICTLAN-ABS-DS', 399000, 499000, 20, 13, '2026-06-01', '2026-06-10'),
(99, 35, 'KC-MICTLAN-ABS-DS-ALT', 411000, 514000, 20, 13, '2026-06-01', '2026-06-10'),
(36, 36, 'KC-JTK-CLASSIC-FC', 450000, 550000, 18, 12, '2026-06-01', '2026-06-10'),
(100, 36, 'KC-JTK-CLASSIC-FC-ALT', 464000, 567000, 18, 12, '2026-06-01', '2026-06-10'),
(37, 37, 'KC-STONE-AGE-CHERRY', 550000, 650000, 15, 10, '2026-06-01', '2026-06-10'),
(101, 37, 'KC-STONE-AGE-CHERRY-ALT', 567000, 670000, 15, 10, '2026-06-01', '2026-06-10'),
(38, 38, 'KC-CHEMICAL-003-R2', 550000, 650000, 15, 11, '2026-06-01', '2026-06-10'),
(102, 38, 'KC-CHEMICAL-003-R2-ALT', 567000, 670000, 15, 10, '2026-06-01', '2026-06-10'),
(39, 39, 'KC-OLIVIA-CHERRY', 500000, 650000, 23, 15, '2026-06-01', '2026-06-10'),
(103, 39, 'KC-OLIVIA-CHERRY-ALT', 515000, 670000, 23, 15, '2026-06-01', '2026-06-10'),
(40, 40, 'KC-JAMON-PBT-DS', 500000, 650000, 23, 13, '2026-06-01', '2026-06-10'),
(104, 40, 'KC-JAMON-PBT-DS-ALT', 515000, 670000, 23, 12, '2026-06-01', '2026-06-10'),
(41, 41, 'KC-BOTANICAL-PBT-DS', 500000, 650000, 23, 14, '2026-06-01', '2026-06-10'),
(105, 41, 'KC-BOTANICAL-PBT-DS-ALT', 515000, 670000, 23, 14, '2026-06-01', '2026-06-10'),
(42, 42, 'KC-BLUE-SAMURAI-PBT-DS', 500000, 650000, 23, 11, '2026-06-01', '2026-06-10'),
(106, 42, 'KC-BLUE-SAMURAI-PBT-DS-ALT', 515000, 670000, 23, 11, '2026-06-01', '2026-06-10'),
(43, 43, 'KC-RAINY-DAY-PBT-DYE', 400000, 550000, 27, 9, '2026-06-01', '2026-06-10'),
(107, 43, 'KC-RAINY-DAY-PBT-DYE-ALT', 412000, 567000, 27, 9, '2026-06-01', '2026-06-10'),
(44, 44, 'KC-ARCTIC-PBT-DYE', 400000, 550000, 27, 9, '2026-06-01', '2026-06-10'),
(108, 44, 'KC-ARCTIC-PBT-DYE-ALT', 412000, 567000, 27, 9, '2026-06-01', '2026-06-10'),
(45, 45, 'OMO100-FULL-CUTE-SILENT', 1800000, 2050000, 12, 8, '2026-06-01', '2026-06-10'),
(109, 45, 'OMO100-FULL-CUTE-SILENT-ALT', 1854000, 2112000, 12, 7, '2026-06-01', '2026-06-10'),
(46, 46, 'MCHOSE-G75-V2-75-KNOB', 1150000, 1350000, 15, 9, '2026-06-01', '2026-06-10'),
(110, 46, 'MCHOSE-G75-V2-75-KNOB-ALT', 1185000, 1391000, 15, 9, '2026-06-01', '2026-06-10'),
(47, 47, 'MCHOSE-G98-V2-98-KNOB', 1250000, 1450000, 14, 8, '2026-06-01', '2026-06-10'),
(111, 47, 'MCHOSE-G98-V2-98-KNOB-ALT', 1288000, 1494000, 14, 8, '2026-06-01', '2026-06-10'),
(48, 48, 'ZEN65-CNC-1P6-KIT', 2470000, 2790000, 11, 5, '2026-06-01', '2026-06-10'),
(112, 48, 'ZEN65-CNC-1P6-KIT-ALT', 2544000, 2874000, 11, 5, '2026-06-01', '2026-06-10'),
(49, 49, 'FURYCUBE-F75-ULTRA-CNC', 2050000, 2350000, 13, 6, '2026-06-01', '2026-06-10'),
(113, 49, 'FURYCUBE-F75-ULTRA-CNC-ALT', 2112000, 2421000, 13, 6, '2026-06-01', '2026-06-10'),
(50, 50, 'MONKA-K75-RETRO', 800000, 990000, 19, 11, '2026-06-01', '2026-06-10'),
(114, 50, 'MONKA-K75-RETRO-ALT', 824000, 1020000, 19, 11, '2026-06-01', '2026-06-10'),
(51, 51, 'LOFREE-FLOW-LITE-LP', 1899000, 2199000, 14, 6, '2026-06-01', '2026-06-10'),
(115, 51, 'LOFREE-FLOW-LITE-LP-ALT', 1956000, 2265000, 14, 5, '2026-06-01', '2026-06-10'),
(52, 52, 'CHERRY-CARBON-PBT', 500000, 650000, 23, 15, '2026-06-01', '2026-06-10'),
(116, 52, 'CHERRY-CARBON-PBT-ALT', 515000, 670000, 23, 15, '2026-06-01', '2026-06-10'),
(53, 53, 'KICAP-FROZEN-YOGURT-PBT', 400000, 550000, 27, 14, '2026-06-01', '2026-06-10'),
(117, 53, 'KICAP-FROZEN-YOGURT-PBT-ALT', 412000, 567000, 27, 14, '2026-06-01', '2026-06-10'),
(54, 54, 'XVX-SHINETHROUGH-4SIDE', 570000, 690000, 17, 10, '2026-06-01', '2026-06-10'),
(118, 54, 'XVX-SHINETHROUGH-4SIDE-ALT', 587000, 711000, 17, 10, '2026-06-01', '2026-06-10'),
(55, 55, 'FURYCUBE-MATCHA-PBT', 350000, 450000, 22, 13, '2026-06-01', '2026-06-10'),
(119, 55, 'FURYCUBE-MATCHA-PBT-ALT', 361000, 464000, 22, 12, '2026-06-01', '2026-06-10'),
(56, 56, 'MOC-BALL-CAP-PBT', 500000, 620000, 19, 9, '2026-06-01', '2026-06-10'),
(120, 56, 'MOC-BALL-CAP-PBT-ALT', 515000, 639000, 19, 9, '2026-06-01', '2026-06-10'),
(57, 57, 'MAO-MEO-PBT', 330000, 420000, 21, 12, '2026-06-01', '2026-06-10'),
(121, 57, 'MAO-MEO-PBT-ALT', 340000, 433000, 21, 12, '2026-06-01', '2026-06-10'),
(58, 58, 'PIIFOX-NATRA-CHERRY', 830000, 950000, 13, 6, '2026-06-01', '2026-06-10'),
(122, 58, 'PIIFOX-NATRA-CHERRY-ALT', 855000, 979000, 13, 6, '2026-06-01', '2026-06-10'),
(59, 59, 'AIFEI-SA-YELLOW-SCREEN', 450000, 560000, 20, 9, '2026-06-01', '2026-06-10'),
(123, 59, 'AIFEI-SA-YELLOW-SCREEN-ALT', 464000, 577000, 20, 9, '2026-06-01', '2026-06-10'),
(60, 60, 'WOOTING-CONTOUR-SIDELIT', 450000, 560000, 20, 9, '2026-06-01', '2026-06-10'),
(124, 60, 'WOOTING-CONTOUR-SIDELIT-ALT', 464000, 577000, 20, 8, '2026-06-01', '2026-06-10'),
(61, 61, 'HMX-PINK-PEACH-SILENT', 7000, 8500, 18, 600, '2026-06-01', '2026-06-10'),
(125, 61, 'HMX-PINK-PEACH-SILENT-ALT', 7000, 9000, 22, 600, '2026-06-01', '2026-06-10'),
(62, 62, 'KEYGEEK-MZ-Y3-LINEAR', 4500, 6000, 25, 750, '2026-06-01', '2026-06-10'),
(126, 62, 'KEYGEEK-MZ-Y3-LINEAR-ALT', 5000, 6000, 17, 750, '2026-06-01', '2026-06-10'),
(63, 63, 'MMD-BLUE-TIDE-SILENT', 4000, 5500, 27, 800, '2026-06-01', '2026-06-10'),
(127, 63, 'MMD-BLUE-TIDE-SILENT-ALT', 4000, 6000, 33, 800, '2026-06-01', '2026-06-10'),
(64, 64, 'OUTEMU-PLASMA-SILENT', 3800, 5000, 24, 900, '2026-06-01', '2026-06-10'),
(128, 64, 'OUTEMU-PLASMA-SILENT-ALT', 4000, 5000, 20, 900, '2026-06-01', '2026-06-10');

-- Attributes
INSERT INTO product_variant_attributes (id, variant_id, name, value, created_at, updated_at) VALUES
(1, 1, 'Màu sắc', 'Carbon Black', '2026-06-01', '2026-06-10'),
(2, 1, 'Loại switch', 'Linear', '2026-06-01', '2026-06-10'),
(3, 1, 'Layout', '75%', '2026-06-01', '2026-06-10'),
(4, 65, 'Màu sắc', 'Shell White', '2026-06-01', '2026-06-10'),
(5, 65, 'Loại switch', 'Tactile', '2026-06-01', '2026-06-10'),
(6, 65, 'Layout', '75%', '2026-06-01', '2026-06-10'),
(7, 2, 'Màu sắc', 'Carbon Black', '2026-06-01', '2026-06-10'),
(8, 2, 'Loại switch', 'Linear', '2026-06-01', '2026-06-10'),
(9, 2, 'Layout', 'TKL 80%', '2026-06-01', '2026-06-10'),
(10, 66, 'Màu sắc', 'Shell White', '2026-06-01', '2026-06-10'),
(11, 66, 'Loại switch', 'Tactile', '2026-06-01', '2026-06-10'),
(12, 66, 'Layout', 'TKL 80%', '2026-06-01', '2026-06-10'),
(13, 3, 'Màu sắc', 'Carbon Black', '2026-06-01', '2026-06-10'),
(14, 3, 'Loại switch', 'Linear', '2026-06-01', '2026-06-10'),
(15, 3, 'Layout', '75%', '2026-06-01', '2026-06-10'),
(16, 67, 'Màu sắc', 'Shell White', '2026-06-01', '2026-06-10'),
(17, 67, 'Loại switch', 'Tactile', '2026-06-01', '2026-06-10'),
(18, 67, 'Layout', '75%', '2026-06-01', '2026-06-10'),
(19, 4, 'Màu sắc', 'Carbon Black', '2026-06-01', '2026-06-10'),
(20, 4, 'Loại switch', 'Linear', '2026-06-01', '2026-06-10'),
(21, 4, 'Layout', '75%', '2026-06-01', '2026-06-10'),
(22, 68, 'Màu sắc', 'Shell White', '2026-06-01', '2026-06-10'),
(23, 68, 'Loại switch', 'Tactile', '2026-06-01', '2026-06-10'),
(24, 68, 'Layout', '75%', '2026-06-01', '2026-06-10'),
(25, 5, 'Màu sắc', 'Carbon Black', '2026-06-01', '2026-06-10'),
(26, 5, 'Loại switch', 'Linear', '2026-06-01', '2026-06-10'),
(27, 5, 'Layout', '65%', '2026-06-01', '2026-06-10'),
(28, 69, 'Màu sắc', 'Shell White', '2026-06-01', '2026-06-10'),
(29, 69, 'Loại switch', 'Tactile', '2026-06-01', '2026-06-10'),
(30, 69, 'Layout', '65%', '2026-06-01', '2026-06-10'),
(31, 6, 'Màu sắc', 'Carbon Black', '2026-06-01', '2026-06-10'),
(32, 6, 'Loại switch', 'Linear', '2026-06-01', '2026-06-10'),
(33, 6, 'Layout', 'TKL 80%', '2026-06-01', '2026-06-10'),
(34, 70, 'Màu sắc', 'Shell White', '2026-06-01', '2026-06-10'),
(35, 70, 'Loại switch', 'Tactile', '2026-06-01', '2026-06-10'),
(36, 70, 'Layout', 'TKL 80%', '2026-06-01', '2026-06-10'),
(37, 7, 'Màu sắc', 'Carbon Black', '2026-06-01', '2026-06-10'),
(38, 7, 'Loại switch', 'Magnetic Linear', '2026-06-01', '2026-06-10'),
(39, 7, 'Layout', '75%', '2026-06-01', '2026-06-10'),
(40, 71, 'Màu sắc', 'Shell White', '2026-06-01', '2026-06-10'),
(41, 71, 'Loại switch', 'Magnetic Rapid Trigger', '2026-06-01', '2026-06-10'),
(42, 71, 'Layout', '75%', '2026-06-01', '2026-06-10'),
(43, 8, 'Màu sắc', 'Carbon Black', '2026-06-01', '2026-06-10'),
(44, 8, 'Loại switch', 'Low Profile Linear', '2026-06-01', '2026-06-10'),
(45, 8, 'Layout', '75%', '2026-06-01', '2026-06-10'),
(46, 72, 'Màu sắc', 'Shell White', '2026-06-01', '2026-06-10'),
(47, 72, 'Loại switch', 'Low Profile Tactile', '2026-06-01', '2026-06-10'),
(48, 72, 'Layout', '75%', '2026-06-01', '2026-06-10'),
(49, 9, 'Màu sắc', 'Retro Blue', '2026-06-01', '2026-06-10'),
(50, 9, 'Loại switch', 'Linear', '2026-06-01', '2026-06-10'),
(51, 9, 'Layout', 'ANSI phổ thông', '2026-06-01', '2026-06-10'),
(52, 73, 'Màu sắc', 'Ivory White', '2026-06-01', '2026-06-10'),
(53, 73, 'Loại switch', 'Tactile', '2026-06-01', '2026-06-10'),
(54, 73, 'Layout', 'ANSI phổ thông', '2026-06-01', '2026-06-10'),
(55, 10, 'Màu sắc', 'Carbon Black', '2026-06-01', '2026-06-10'),
(56, 10, 'Loại switch', 'Linear', '2026-06-01', '2026-06-10'),
(57, 10, 'Layout', 'TKL 80%', '2026-06-01', '2026-06-10'),
(58, 74, 'Màu sắc', 'Shell White', '2026-06-01', '2026-06-10'),
(59, 74, 'Loại switch', 'Tactile', '2026-06-01', '2026-06-10'),
(60, 74, 'Layout', 'TKL 80%', '2026-06-01', '2026-06-10'),
(61, 11, 'Màu sắc', 'Carbon Black', '2026-06-01', '2026-06-10'),
(62, 11, 'Loại switch', 'Linear', '2026-06-01', '2026-06-10'),
(63, 11, 'Layout', '96%', '2026-06-01', '2026-06-10'),
(64, 75, 'Màu sắc', 'Shell White', '2026-06-01', '2026-06-10'),
(65, 75, 'Loại switch', 'Tactile', '2026-06-01', '2026-06-10'),
(66, 75, 'Layout', '96%', '2026-06-01', '2026-06-10'),
(67, 12, 'Màu sắc', 'Carbon Black', '2026-06-01', '2026-06-10'),
(68, 12, 'Loại switch', 'Linear', '2026-06-01', '2026-06-10'),
(69, 12, 'Layout', 'Fullsize', '2026-06-01', '2026-06-10'),
(70, 76, 'Màu sắc', 'Shell White', '2026-06-01', '2026-06-10'),
(71, 76, 'Loại switch', 'Tactile', '2026-06-01', '2026-06-10'),
(72, 76, 'Layout', 'Fullsize', '2026-06-01', '2026-06-10'),
(73, 13, 'Màu sắc', 'Carbon Black', '2026-06-01', '2026-06-10'),
(74, 13, 'Loại switch', 'Linear', '2026-06-01', '2026-06-10'),
(75, 13, 'Layout', '96%', '2026-06-01', '2026-06-10'),
(76, 77, 'Màu sắc', 'Shell White', '2026-06-01', '2026-06-10'),
(77, 77, 'Loại switch', 'Tactile', '2026-06-01', '2026-06-10'),
(78, 77, 'Layout', '96%', '2026-06-01', '2026-06-10'),
(79, 14, 'Màu sắc', 'Carbon Black', '2026-06-01', '2026-06-10'),
(80, 14, 'Loại switch', 'Linear', '2026-06-01', '2026-06-10'),
(81, 14, 'Layout', 'Fullsize', '2026-06-01', '2026-06-10'),
(82, 78, 'Màu sắc', 'Shell White', '2026-06-01', '2026-06-10'),
(83, 78, 'Loại switch', 'Tactile', '2026-06-01', '2026-06-10'),
(84, 78, 'Layout', 'Fullsize', '2026-06-01', '2026-06-10'),
(85, 15, 'Màu sắc', 'Carbon Black', '2026-06-01', '2026-06-10'),
(86, 15, 'Loại switch', 'Linear', '2026-06-01', '2026-06-10'),
(87, 15, 'Layout', '60%', '2026-06-01', '2026-06-10'),
(88, 79, 'Màu sắc', 'Shell White', '2026-06-01', '2026-06-10'),
(89, 79, 'Loại switch', 'Tactile', '2026-06-01', '2026-06-10'),
(90, 79, 'Layout', '60%', '2026-06-01', '2026-06-10'),
(91, 16, 'Màu sắc', 'Carbon Black', '2026-06-01', '2026-06-10'),
(92, 16, 'Loại switch', 'Linear', '2026-06-01', '2026-06-10'),
(93, 16, 'Layout', '96%', '2026-06-01', '2026-06-10'),
(94, 80, 'Màu sắc', 'Shell White', '2026-06-01', '2026-06-10'),
(95, 80, 'Loại switch', 'Tactile', '2026-06-01', '2026-06-10'),
(96, 80, 'Layout', '96%', '2026-06-01', '2026-06-10'),
(97, 17, 'Màu sắc', 'Carbon Black', '2026-06-01', '2026-06-10'),
(98, 17, 'Loại switch', 'Linear', '2026-06-01', '2026-06-10'),
(99, 17, 'Layout', 'Fullsize', '2026-06-01', '2026-06-10'),
(100, 81, 'Màu sắc', 'Shell White', '2026-06-01', '2026-06-10'),
(101, 81, 'Loại switch', 'Tactile', '2026-06-01', '2026-06-10'),
(102, 81, 'Layout', 'Fullsize', '2026-06-01', '2026-06-10'),
(103, 18, 'Màu sắc', 'Carbon Black', '2026-06-01', '2026-06-10'),
(104, 18, 'Loại switch', 'Linear', '2026-06-01', '2026-06-10'),
(105, 18, 'Layout', '65%', '2026-06-01', '2026-06-10'),
(106, 82, 'Màu sắc', 'Shell White', '2026-06-01', '2026-06-10'),
(107, 82, 'Loại switch', 'Tactile', '2026-06-01', '2026-06-10'),
(108, 82, 'Layout', '65%', '2026-06-01', '2026-06-10'),
(109, 19, 'Màu sắc', 'Carbon Black', '2026-06-01', '2026-06-10'),
(110, 19, 'Loại switch', 'Linear', '2026-06-01', '2026-06-10'),
(111, 19, 'Layout', '60%', '2026-06-01', '2026-06-10'),
(112, 83, 'Màu sắc', 'Shell White', '2026-06-01', '2026-06-10'),
(113, 83, 'Loại switch', 'Tactile', '2026-06-01', '2026-06-10'),
(114, 83, 'Layout', '60%', '2026-06-01', '2026-06-10'),
(115, 20, 'Màu sắc', 'Black', '2026-06-01', '2026-06-10'),
(116, 20, 'Loại switch', 'Mouse micro switch', '2026-06-01', '2026-06-10'),
(117, 20, 'Layout', 'Ergonomic', '2026-06-01', '2026-06-10'),
(118, 84, 'Màu sắc', 'White', '2026-06-01', '2026-06-10'),
(119, 84, 'Loại switch', 'Silent micro switch', '2026-06-01', '2026-06-10'),
(120, 84, 'Layout', 'Ergonomic', '2026-06-01', '2026-06-10'),
(121, 21, 'Màu sắc', 'Black', '2026-06-01', '2026-06-10'),
(122, 21, 'Loại switch', 'Mouse micro switch', '2026-06-01', '2026-06-10'),
(123, 21, 'Layout', 'Ambidextrous', '2026-06-01', '2026-06-10'),
(124, 85, 'Màu sắc', 'White', '2026-06-01', '2026-06-10'),
(125, 85, 'Loại switch', 'Silent micro switch', '2026-06-01', '2026-06-10'),
(126, 85, 'Layout', 'Ambidextrous', '2026-06-01', '2026-06-10'),
(127, 22, 'Màu sắc', 'Black', '2026-06-01', '2026-06-10'),
(128, 22, 'Loại switch', 'Mouse micro switch', '2026-06-01', '2026-06-10'),
(129, 22, 'Layout', 'Ambidextrous', '2026-06-01', '2026-06-10'),
(130, 86, 'Màu sắc', 'White', '2026-06-01', '2026-06-10'),
(131, 86, 'Loại switch', 'Silent micro switch', '2026-06-01', '2026-06-10'),
(132, 86, 'Layout', 'Ambidextrous', '2026-06-01', '2026-06-10'),
(133, 23, 'Màu sắc', 'Carbon Black', '2026-06-01', '2026-06-10'),
(134, 23, 'Loại switch', 'Linear', '2026-06-01', '2026-06-10'),
(135, 23, 'Layout', 'Split 75%', '2026-06-01', '2026-06-10'),
(136, 87, 'Màu sắc', 'Shell White', '2026-06-01', '2026-06-10'),
(137, 87, 'Loại switch', 'Tactile', '2026-06-01', '2026-06-10'),
(138, 87, 'Layout', 'Split 75%', '2026-06-01', '2026-06-10'),
(139, 24, 'Màu sắc', 'Carbon Black', '2026-06-01', '2026-06-10'),
(140, 24, 'Loại switch', 'Linear', '2026-06-01', '2026-06-10'),
(141, 24, 'Layout', 'Alice', '2026-06-01', '2026-06-10'),
(142, 88, 'Màu sắc', 'Shell White', '2026-06-01', '2026-06-10'),
(143, 88, 'Loại switch', 'Tactile', '2026-06-01', '2026-06-10'),
(144, 88, 'Layout', 'Alice', '2026-06-01', '2026-06-10'),
(145, 25, 'Màu sắc', 'Carbon Black', '2026-06-01', '2026-06-10'),
(146, 25, 'Loại switch', 'Linear', '2026-06-01', '2026-06-10'),
(147, 25, 'Layout', '96%', '2026-06-01', '2026-06-10'),
(148, 89, 'Màu sắc', 'Shell White', '2026-06-01', '2026-06-10'),
(149, 89, 'Loại switch', 'Tactile', '2026-06-01', '2026-06-10'),
(150, 89, 'Layout', '96%', '2026-06-01', '2026-06-10'),
(151, 26, 'Màu sắc', 'Carbon Black', '2026-06-01', '2026-06-10'),
(152, 26, 'Loại switch', 'Linear', '2026-06-01', '2026-06-10'),
(153, 26, 'Layout', 'Alice', '2026-06-01', '2026-06-10'),
(154, 90, 'Màu sắc', 'Shell White', '2026-06-01', '2026-06-10'),
(155, 90, 'Loại switch', 'Tactile', '2026-06-01', '2026-06-10'),
(156, 90, 'Layout', 'Alice', '2026-06-01', '2026-06-10'),
(157, 27, 'Màu sắc', 'Silver', '2026-06-01', '2026-06-10'),
(158, 27, 'Loại switch', 'Linear', '2026-06-01', '2026-06-10'),
(159, 27, 'Layout', '75%', '2026-06-01', '2026-06-10'),
(160, 91, 'Màu sắc', 'Black', '2026-06-01', '2026-06-10'),
(161, 91, 'Loại switch', 'Tactile', '2026-06-01', '2026-06-10'),
(162, 91, 'Layout', '75%', '2026-06-01', '2026-06-10'),
(163, 28, 'Màu sắc', 'Silver', '2026-06-01', '2026-06-10'),
(164, 28, 'Loại switch', 'Linear', '2026-06-01', '2026-06-10'),
(165, 28, 'Layout', 'Fullsize', '2026-06-01', '2026-06-10'),
(166, 92, 'Màu sắc', 'Black', '2026-06-01', '2026-06-10'),
(167, 92, 'Loại switch', 'Tactile', '2026-06-01', '2026-06-10'),
(168, 92, 'Layout', 'Fullsize', '2026-06-01', '2026-06-10'),
(169, 29, 'Màu sắc', 'Silver', '2026-06-01', '2026-06-10'),
(170, 29, 'Loại switch', 'Linear', '2026-06-01', '2026-06-10'),
(171, 29, 'Layout', '75%', '2026-06-01', '2026-06-10'),
(172, 93, 'Màu sắc', 'Black', '2026-06-01', '2026-06-10'),
(173, 93, 'Loại switch', 'Tactile', '2026-06-01', '2026-06-10'),
(174, 93, 'Layout', '75%', '2026-06-01', '2026-06-10'),
(175, 30, 'Màu sắc', 'Pink Cute', '2026-06-01', '2026-06-10'),
(176, 30, 'Loại switch', 'Linear', '2026-06-01', '2026-06-10'),
(177, 30, 'Layout', '98%', '2026-06-01', '2026-06-10'),
(178, 94, 'Màu sắc', 'Purple Cute', '2026-06-01', '2026-06-10'),
(179, 94, 'Loại switch', 'Tactile', '2026-06-01', '2026-06-10'),
(180, 94, 'Layout', '98%', '2026-06-01', '2026-06-10'),
(181, 31, 'Màu sắc', 'Carbon Black', '2026-06-01', '2026-06-10'),
(182, 31, 'Loại switch', 'Linear', '2026-06-01', '2026-06-10'),
(183, 31, 'Layout', '75%', '2026-06-01', '2026-06-10'),
(184, 95, 'Màu sắc', 'Shell White', '2026-06-01', '2026-06-10'),
(185, 95, 'Loại switch', 'Tactile', '2026-06-01', '2026-06-10'),
(186, 95, 'Layout', '75%', '2026-06-01', '2026-06-10'),
(187, 32, 'Màu sắc', 'Pink Cute', '2026-06-01', '2026-06-10'),
(188, 32, 'Loại switch', 'Linear', '2026-06-01', '2026-06-10'),
(189, 32, 'Layout', '75%', '2026-06-01', '2026-06-10'),
(190, 96, 'Màu sắc', 'Purple Cute', '2026-06-01', '2026-06-10'),
(191, 96, 'Loại switch', 'Tactile', '2026-06-01', '2026-06-10'),
(192, 96, 'Layout', '75%', '2026-06-01', '2026-06-10'),
(193, 33, 'Màu sắc', 'Silver', '2026-06-01', '2026-06-10'),
(194, 33, 'Loại switch', 'Linear', '2026-06-01', '2026-06-10'),
(195, 33, 'Layout', 'Fullsize', '2026-06-01', '2026-06-10'),
(196, 97, 'Màu sắc', 'Black', '2026-06-01', '2026-06-10'),
(197, 97, 'Loại switch', 'Tactile', '2026-06-01', '2026-06-10'),
(198, 97, 'Layout', 'Fullsize', '2026-06-01', '2026-06-10'),
(199, 34, 'Màu sắc', 'White', '2026-06-01', '2026-06-10'),
(200, 34, 'Loại switch', 'Linear', '2026-06-01', '2026-06-10'),
(201, 34, 'Layout', 'TKL 80%', '2026-06-01', '2026-06-10'),
(202, 98, 'Màu sắc', 'Black', '2026-06-01', '2026-06-10'),
(203, 98, 'Loại switch', 'Tactile', '2026-06-01', '2026-06-10'),
(204, 98, 'Layout', 'TKL 80%', '2026-06-01', '2026-06-10'),
(205, 35, 'Màu sắc', 'Retro', '2026-06-01', '2026-06-10'),
(206, 35, 'Loại switch', 'MX-style stem', '2026-06-01', '2026-06-10'),
(207, 35, 'Layout', 'ANSI 60%-TKL', '2026-06-01', '2026-06-10'),
(208, 99, 'Màu sắc', 'Purple', '2026-06-01', '2026-06-10'),
(209, 99, 'Loại switch', 'MX-style stem', '2026-06-01', '2026-06-10'),
(210, 99, 'Layout', 'Fullsize / Alice support', '2026-06-01', '2026-06-10'),
(211, 36, 'Màu sắc', 'Retro', '2026-06-01', '2026-06-10'),
(212, 36, 'Loại switch', 'MX-style stem', '2026-06-01', '2026-06-10'),
(213, 36, 'Layout', 'ANSI 60%-TKL', '2026-06-01', '2026-06-10'),
(214, 100, 'Màu sắc', 'Purple', '2026-06-01', '2026-06-10'),
(215, 100, 'Loại switch', 'MX-style stem', '2026-06-01', '2026-06-10'),
(216, 100, 'Layout', 'Fullsize / Alice support', '2026-06-01', '2026-06-10'),
(217, 37, 'Màu sắc', 'Retro', '2026-06-01', '2026-06-10'),
(218, 37, 'Loại switch', 'MX-style stem', '2026-06-01', '2026-06-10'),
(219, 37, 'Layout', 'ANSI 60%-TKL', '2026-06-01', '2026-06-10'),
(220, 101, 'Màu sắc', 'Purple', '2026-06-01', '2026-06-10'),
(221, 101, 'Loại switch', 'MX-style stem', '2026-06-01', '2026-06-10'),
(222, 101, 'Layout', 'Fullsize / Alice support', '2026-06-01', '2026-06-10'),
(223, 38, 'Màu sắc', 'Retro', '2026-06-01', '2026-06-10'),
(224, 38, 'Loại switch', 'MX-style stem', '2026-06-01', '2026-06-10'),
(225, 38, 'Layout', 'ANSI 60%-TKL', '2026-06-01', '2026-06-10'),
(226, 102, 'Màu sắc', 'Purple', '2026-06-01', '2026-06-10'),
(227, 102, 'Loại switch', 'MX-style stem', '2026-06-01', '2026-06-10'),
(228, 102, 'Layout', 'Fullsize / Alice support', '2026-06-01', '2026-06-10'),
(229, 39, 'Màu sắc', 'Olivia Dark', '2026-06-01', '2026-06-10'),
(230, 39, 'Loại switch', 'MX-style stem', '2026-06-01', '2026-06-10'),
(231, 39, 'Layout', 'ANSI 60%-TKL', '2026-06-01', '2026-06-10'),
(232, 103, 'Màu sắc', 'Olivia Light', '2026-06-01', '2026-06-10'),
(233, 103, 'Loại switch', 'MX-style stem', '2026-06-01', '2026-06-10'),
(234, 103, 'Layout', 'Fullsize / Alice support', '2026-06-01', '2026-06-10'),
(235, 40, 'Màu sắc', 'Retro', '2026-06-01', '2026-06-10'),
(236, 40, 'Loại switch', 'MX-style stem', '2026-06-01', '2026-06-10'),
(237, 40, 'Layout', 'ANSI 60%-TKL', '2026-06-01', '2026-06-10'),
(238, 104, 'Màu sắc', 'Purple', '2026-06-01', '2026-06-10'),
(239, 104, 'Loại switch', 'MX-style stem', '2026-06-01', '2026-06-10'),
(240, 104, 'Layout', 'Fullsize / Alice support', '2026-06-01', '2026-06-10'),
(241, 41, 'Màu sắc', 'Botanical Green', '2026-06-01', '2026-06-10'),
(242, 41, 'Loại switch', 'MX-style stem', '2026-06-01', '2026-06-10'),
(243, 41, 'Layout', 'ANSI 60%-TKL', '2026-06-01', '2026-06-10'),
(244, 105, 'Màu sắc', 'Botanical White', '2026-06-01', '2026-06-10'),
(245, 105, 'Loại switch', 'MX-style stem', '2026-06-01', '2026-06-10'),
(246, 105, 'Layout', 'Fullsize / Alice support', '2026-06-01', '2026-06-10'),
(247, 42, 'Màu sắc', 'Blue Samurai', '2026-06-01', '2026-06-10'),
(248, 42, 'Loại switch', 'MX-style stem', '2026-06-01', '2026-06-10'),
(249, 42, 'Layout', 'ANSI 60%-TKL', '2026-06-01', '2026-06-10'),
(250, 106, 'Màu sắc', 'Navy Gold', '2026-06-01', '2026-06-10'),
(251, 106, 'Loại switch', 'MX-style stem', '2026-06-01', '2026-06-10'),
(252, 106, 'Layout', 'Fullsize / Alice support', '2026-06-01', '2026-06-10'),
(253, 43, 'Màu sắc', 'Rainy Grey', '2026-06-01', '2026-06-10'),
(254, 43, 'Loại switch', 'MX-style stem', '2026-06-01', '2026-06-10'),
(255, 43, 'Layout', 'ANSI 60%-TKL', '2026-06-01', '2026-06-10'),
(256, 107, 'Màu sắc', 'Rainy Blue', '2026-06-01', '2026-06-10'),
(257, 107, 'Loại switch', 'MX-style stem', '2026-06-01', '2026-06-10'),
(258, 107, 'Layout', 'Fullsize / Alice support', '2026-06-01', '2026-06-10'),
(259, 44, 'Màu sắc', 'Arctic White', '2026-06-01', '2026-06-10'),
(260, 44, 'Loại switch', 'MX-style stem', '2026-06-01', '2026-06-10'),
(261, 44, 'Layout', 'ANSI 60%-TKL', '2026-06-01', '2026-06-10'),
(262, 108, 'Màu sắc', 'Ice Blue', '2026-06-01', '2026-06-10'),
(263, 108, 'Loại switch', 'MX-style stem', '2026-06-01', '2026-06-10'),
(264, 108, 'Layout', 'Fullsize / Alice support', '2026-06-01', '2026-06-10'),
(265, 45, 'Màu sắc', 'Pink Cute', '2026-06-01', '2026-06-10'),
(266, 45, 'Loại switch', 'Silent Linear', '2026-06-01', '2026-06-10'),
(267, 45, 'Layout', 'Fullsize', '2026-06-01', '2026-06-10'),
(268, 109, 'Màu sắc', 'Purple Cute', '2026-06-01', '2026-06-10'),
(269, 109, 'Loại switch', 'Linear', '2026-06-01', '2026-06-10'),
(270, 109, 'Layout', 'Fullsize', '2026-06-01', '2026-06-10'),
(271, 46, 'Màu sắc', 'Carbon Black', '2026-06-01', '2026-06-10'),
(272, 46, 'Loại switch', 'Linear', '2026-06-01', '2026-06-10'),
(273, 46, 'Layout', '75%', '2026-06-01', '2026-06-10'),
(274, 110, 'Màu sắc', 'Shell White', '2026-06-01', '2026-06-10'),
(275, 110, 'Loại switch', 'Tactile', '2026-06-01', '2026-06-10'),
(276, 110, 'Layout', '75%', '2026-06-01', '2026-06-10'),
(277, 47, 'Màu sắc', 'Carbon Black', '2026-06-01', '2026-06-10'),
(278, 47, 'Loại switch', 'Linear', '2026-06-01', '2026-06-10'),
(279, 47, 'Layout', '98%', '2026-06-01', '2026-06-10'),
(280, 111, 'Màu sắc', 'Shell White', '2026-06-01', '2026-06-10'),
(281, 111, 'Loại switch', 'Tactile', '2026-06-01', '2026-06-10'),
(282, 111, 'Layout', '98%', '2026-06-01', '2026-06-10'),
(283, 48, 'Màu sắc', 'Silver', '2026-06-01', '2026-06-10'),
(284, 48, 'Loại switch', 'Linear', '2026-06-01', '2026-06-10'),
(285, 48, 'Layout', '65%', '2026-06-01', '2026-06-10'),
(286, 112, 'Màu sắc', 'Black', '2026-06-01', '2026-06-10'),
(287, 112, 'Loại switch', 'Tactile', '2026-06-01', '2026-06-10'),
(288, 112, 'Layout', '65%', '2026-06-01', '2026-06-10'),
(289, 49, 'Màu sắc', 'Silver', '2026-06-01', '2026-06-10'),
(290, 49, 'Loại switch', 'Linear', '2026-06-01', '2026-06-10'),
(291, 49, 'Layout', '75%', '2026-06-01', '2026-06-10'),
(292, 113, 'Màu sắc', 'Black', '2026-06-01', '2026-06-10'),
(293, 113, 'Loại switch', 'Tactile', '2026-06-01', '2026-06-10'),
(294, 113, 'Layout', '75%', '2026-06-01', '2026-06-10'),
(295, 50, 'Màu sắc', 'Retro', '2026-06-01', '2026-06-10'),
(296, 50, 'Loại switch', 'Linear', '2026-06-01', '2026-06-10'),
(297, 50, 'Layout', '75%', '2026-06-01', '2026-06-10'),
(298, 114, 'Màu sắc', 'Cream Retro', '2026-06-01', '2026-06-10'),
(299, 114, 'Loại switch', 'Tactile', '2026-06-01', '2026-06-10'),
(300, 114, 'Layout', '75%', '2026-06-01', '2026-06-10'),
(301, 51, 'Màu sắc', 'White', '2026-06-01', '2026-06-10'),
(302, 51, 'Loại switch', 'Low Profile Linear', '2026-06-01', '2026-06-10'),
(303, 51, 'Layout', 'Low profile compact', '2026-06-01', '2026-06-10'),
(304, 115, 'Màu sắc', 'Graphite', '2026-06-01', '2026-06-10'),
(305, 115, 'Loại switch', 'Low Profile Tactile', '2026-06-01', '2026-06-10'),
(306, 115, 'Layout', 'Low profile compact', '2026-06-01', '2026-06-10'),
(307, 52, 'Màu sắc', 'Carbon Grey', '2026-06-01', '2026-06-10'),
(308, 52, 'Loại switch', 'MX-style stem', '2026-06-01', '2026-06-10'),
(309, 52, 'Layout', 'ANSI 60%-TKL', '2026-06-01', '2026-06-10'),
(310, 116, 'Màu sắc', 'Orange Accent', '2026-06-01', '2026-06-10'),
(311, 116, 'Loại switch', 'MX-style stem', '2026-06-01', '2026-06-10'),
(312, 116, 'Layout', 'Fullsize / Alice support', '2026-06-01', '2026-06-10'),
(313, 53, 'Màu sắc', 'Frozen Pastel', '2026-06-01', '2026-06-10'),
(314, 53, 'Loại switch', 'MX-style stem', '2026-06-01', '2026-06-10'),
(315, 53, 'Layout', 'ANSI 60%-TKL', '2026-06-01', '2026-06-10'),
(316, 117, 'Màu sắc', 'Yogurt Pink', '2026-06-01', '2026-06-10'),
(317, 117, 'Loại switch', 'MX-style stem', '2026-06-01', '2026-06-10'),
(318, 117, 'Layout', 'Fullsize / Alice support', '2026-06-01', '2026-06-10'),
(319, 54, 'Màu sắc', 'White RGB', '2026-06-01', '2026-06-10'),
(320, 54, 'Loại switch', 'MX-style stem', '2026-06-01', '2026-06-10'),
(321, 54, 'Layout', 'ANSI 60%-TKL', '2026-06-01', '2026-06-10'),
(322, 118, 'Màu sắc', 'Black RGB', '2026-06-01', '2026-06-10'),
(323, 118, 'Loại switch', 'MX-style stem', '2026-06-01', '2026-06-10'),
(324, 118, 'Layout', 'Fullsize / Alice support', '2026-06-01', '2026-06-10'),
(325, 55, 'Màu sắc', 'Matcha Green', '2026-06-01', '2026-06-10'),
(326, 55, 'Loại switch', 'MX-style stem', '2026-06-01', '2026-06-10'),
(327, 55, 'Layout', 'ANSI 60%-TKL', '2026-06-01', '2026-06-10'),
(328, 119, 'Màu sắc', 'Cream Matcha', '2026-06-01', '2026-06-10'),
(329, 119, 'Loại switch', 'MX-style stem', '2026-06-01', '2026-06-10'),
(330, 119, 'Layout', 'Fullsize / Alice support', '2026-06-01', '2026-06-10'),
(331, 56, 'Màu sắc', 'Cute Pastel', '2026-06-01', '2026-06-10'),
(332, 56, 'Loại switch', 'MX-style stem', '2026-06-01', '2026-06-10'),
(333, 56, 'Layout', 'ANSI 60%-TKL', '2026-06-01', '2026-06-10'),
(334, 120, 'Màu sắc', 'Purple Accent', '2026-06-01', '2026-06-10'),
(335, 120, 'Loại switch', 'MX-style stem', '2026-06-01', '2026-06-10'),
(336, 120, 'Layout', 'Fullsize / Alice support', '2026-06-01', '2026-06-10'),
(337, 57, 'Màu sắc', 'Cute Pastel', '2026-06-01', '2026-06-10'),
(338, 57, 'Loại switch', 'MX-style stem', '2026-06-01', '2026-06-10'),
(339, 57, 'Layout', 'ANSI 60%-TKL', '2026-06-01', '2026-06-10'),
(340, 121, 'Màu sắc', 'Purple Accent', '2026-06-01', '2026-06-10'),
(341, 121, 'Loại switch', 'MX-style stem', '2026-06-01', '2026-06-10'),
(342, 121, 'Layout', 'Fullsize / Alice support', '2026-06-01', '2026-06-10'),
(343, 58, 'Màu sắc', 'Retro', '2026-06-01', '2026-06-10'),
(344, 58, 'Loại switch', 'MX-style stem', '2026-06-01', '2026-06-10'),
(345, 58, 'Layout', 'ANSI 60%-TKL', '2026-06-01', '2026-06-10'),
(346, 122, 'Màu sắc', 'Purple', '2026-06-01', '2026-06-10'),
(347, 122, 'Loại switch', 'MX-style stem', '2026-06-01', '2026-06-10'),
(348, 122, 'Layout', 'Fullsize / Alice support', '2026-06-01', '2026-06-10'),
(349, 59, 'Màu sắc', 'Black Gold', '2026-06-01', '2026-06-10'),
(350, 59, 'Loại switch', 'MX-style stem', '2026-06-01', '2026-06-10'),
(351, 59, 'Layout', 'ANSI 60%-TKL', '2026-06-01', '2026-06-10'),
(352, 123, 'Màu sắc', 'Yellow Screen', '2026-06-01', '2026-06-10'),
(353, 123, 'Loại switch', 'MX-style stem', '2026-06-01', '2026-06-10'),
(354, 123, 'Layout', 'Fullsize / Alice support', '2026-06-01', '2026-06-10'),
(355, 60, 'Màu sắc', 'White RGB', '2026-06-01', '2026-06-10'),
(356, 60, 'Loại switch', 'MX-style stem', '2026-06-01', '2026-06-10'),
(357, 60, 'Layout', 'ANSI 60%-TKL', '2026-06-01', '2026-06-10'),
(358, 124, 'Màu sắc', 'Black RGB', '2026-06-01', '2026-06-10'),
(359, 124, 'Loại switch', 'MX-style stem', '2026-06-01', '2026-06-10'),
(360, 124, 'Layout', 'Fullsize / Alice support', '2026-06-01', '2026-06-10'),
(361, 61, 'Màu sắc', 'Pink Peach', '2026-06-01', '2026-06-10'),
(362, 61, 'Loại switch', 'Silent Linear', '2026-06-01', '2026-06-10'),
(363, 61, 'Layout', 'MX style 5-pin', '2026-06-01', '2026-06-10'),
(364, 125, 'Màu sắc', 'Milky Pink', '2026-06-01', '2026-06-10'),
(365, 125, 'Loại switch', 'Linear', '2026-06-01', '2026-06-10'),
(366, 125, 'Layout', 'MX style 3-pin/5-pin', '2026-06-01', '2026-06-10'),
(367, 62, 'Màu sắc', 'Cream', '2026-06-01', '2026-06-10'),
(368, 62, 'Loại switch', 'Linear Creamy', '2026-06-01', '2026-06-10'),
(369, 62, 'Layout', 'MX style 5-pin', '2026-06-01', '2026-06-10'),
(370, 126, 'Màu sắc', 'Transparent Cream', '2026-06-01', '2026-06-10'),
(371, 126, 'Loại switch', 'Linear Clacky', '2026-06-01', '2026-06-10'),
(372, 126, 'Layout', 'MX style 3-pin/5-pin', '2026-06-01', '2026-06-10'),
(373, 63, 'Màu sắc', 'Blue Tide', '2026-06-01', '2026-06-10'),
(374, 63, 'Loại switch', 'Silent Linear', '2026-06-01', '2026-06-10'),
(375, 63, 'Layout', 'MX style 5-pin', '2026-06-01', '2026-06-10'),
(376, 127, 'Màu sắc', 'Clear Blue', '2026-06-01', '2026-06-10'),
(377, 127, 'Loại switch', 'Linear', '2026-06-01', '2026-06-10'),
(378, 127, 'Layout', 'MX style 3-pin/5-pin', '2026-06-01', '2026-06-10'),
(379, 64, 'Màu sắc', 'Plasma Clear', '2026-06-01', '2026-06-10'),
(380, 64, 'Loại switch', 'Silent Linear', '2026-06-01', '2026-06-10'),
(381, 64, 'Layout', 'MX style 5-pin', '2026-06-01', '2026-06-10'),
(382, 128, 'Màu sắc', 'Smoky Clear', '2026-06-01', '2026-06-10'),
(383, 128, 'Loại switch', 'Linear', '2026-06-01', '2026-06-10'),
(384, 128, 'Layout', 'MX style 3-pin/5-pin', '2026-06-01', '2026-06-10');

-- Product Specifications
INSERT INTO product_specifications (id, product_id, name, value, sort_order, created_at, updated_at) VALUES
(1, 1, 'Layout', '75%', 1, '2026-06-01', '2026-06-10'),
(2, 1, 'Kết nối', '2.4GHz / Bluetooth / USB-C', 2, '2026-06-01', '2026-06-10'),
(3, 1, 'Firmware', 'QMK/VIA', 3, '2026-06-01', '2026-06-10'),
(4, 2, 'Layout', 'TKL 80%', 1, '2026-06-01', '2026-06-10'),
(5, 2, 'Kết nối', '2.4GHz / Bluetooth / USB-C', 2, '2026-06-01', '2026-06-10'),
(6, 2, 'Firmware', 'QMK/VIA', 3, '2026-06-01', '2026-06-10'),
(7, 3, 'Layout', '75%', 1, '2026-06-01', '2026-06-10'),
(8, 3, 'Kết nối', '2.4GHz / Bluetooth / USB-C', 2, '2026-06-01', '2026-06-10'),
(9, 3, 'Firmware', 'QMK/VIA', 3, '2026-06-01', '2026-06-10'),
(10, 4, 'Layout', '75%', 1, '2026-06-01', '2026-06-10'),
(11, 4, 'Kết nối', '2.4GHz / Bluetooth / USB-C', 2, '2026-06-01', '2026-06-10'),
(12, 4, 'Firmware', 'QMK/VIA', 3, '2026-06-01', '2026-06-10'),
(13, 5, 'Layout', '65%', 1, '2026-06-01', '2026-06-10'),
(14, 5, 'Kết nối', '2.4GHz / Bluetooth / USB-C', 2, '2026-06-01', '2026-06-10'),
(15, 5, 'Firmware', 'QMK/VIA', 3, '2026-06-01', '2026-06-10'),
(16, 6, 'Layout', 'TKL 80%', 1, '2026-06-01', '2026-06-10'),
(17, 6, 'Kết nối', '2.4GHz / Bluetooth / USB-C', 2, '2026-06-01', '2026-06-10'),
(18, 6, 'Firmware', 'QMK/VIA', 3, '2026-06-01', '2026-06-10'),
(19, 7, 'Layout', '75% magnetic', 1, '2026-06-01', '2026-06-10'),
(20, 7, 'Kết nối', '2.4GHz / Bluetooth / USB-C', 2, '2026-06-01', '2026-06-10'),
(21, 7, 'Firmware', 'QMK/VIA', 3, '2026-06-01', '2026-06-10'),
(22, 8, 'Layout', '75% low profile', 1, '2026-06-01', '2026-06-10'),
(23, 8, 'Kết nối', '2.4GHz / Bluetooth / USB-C', 2, '2026-06-01', '2026-06-10'),
(24, 8, 'Firmware', 'QMK/VIA', 3, '2026-06-01', '2026-06-10'),
(25, 9, 'Layout', '75% ultra slim', 1, '2026-06-01', '2026-06-10'),
(26, 9, 'Kết nối', '2.4GHz / Bluetooth / USB-C', 2, '2026-06-01', '2026-06-10'),
(27, 9, 'Firmware', 'QMK/VIA', 3, '2026-06-01', '2026-06-10'),
(28, 10, 'Layout', 'TKL 80%', 1, '2026-06-01', '2026-06-10'),
(29, 10, 'Kết nối', '2.4GHz / Bluetooth / USB-C', 2, '2026-06-01', '2026-06-10'),
(30, 10, 'Firmware', 'QMK/VIA', 3, '2026-06-01', '2026-06-10'),
(31, 11, 'Layout', '96%', 1, '2026-06-01', '2026-06-10'),
(32, 11, 'Kết nối', '2.4GHz / Bluetooth / USB-C', 2, '2026-06-01', '2026-06-10'),
(33, 11, 'Firmware', 'QMK/VIA', 3, '2026-06-01', '2026-06-10'),
(34, 12, 'Layout', '100%', 1, '2026-06-01', '2026-06-10'),
(35, 12, 'Kết nối', '2.4GHz / Bluetooth / USB-C', 2, '2026-06-01', '2026-06-10'),
(36, 12, 'Firmware', 'QMK/VIA', 3, '2026-06-01', '2026-06-10'),
(37, 13, 'Layout', '96%', 1, '2026-06-01', '2026-06-10'),
(38, 13, 'Kết nối', '2.4GHz / Bluetooth / USB-C', 2, '2026-06-01', '2026-06-10'),
(39, 13, 'Firmware', 'QMK/VIA', 3, '2026-06-01', '2026-06-10'),
(40, 14, 'Layout', '100%', 1, '2026-06-01', '2026-06-10'),
(41, 14, 'Kết nối', '2.4GHz / Bluetooth / USB-C', 2, '2026-06-01', '2026-06-10'),
(42, 14, 'Firmware', 'QMK/VIA', 3, '2026-06-01', '2026-06-10'),
(43, 15, 'Layout', '60%', 1, '2026-06-01', '2026-06-10'),
(44, 15, 'Kết nối', '2.4GHz / Bluetooth / USB-C', 2, '2026-06-01', '2026-06-10'),
(45, 15, 'Firmware', 'QMK/VIA', 3, '2026-06-01', '2026-06-10'),
(46, 16, 'Layout', '96%', 1, '2026-06-01', '2026-06-10'),
(47, 16, 'Kết nối', '2.4GHz / Bluetooth / USB-C', 2, '2026-06-01', '2026-06-10'),
(48, 16, 'Firmware', 'QMK/VIA', 3, '2026-06-01', '2026-06-10'),
(49, 17, 'Layout', '100%', 1, '2026-06-01', '2026-06-10'),
(50, 17, 'Kết nối', '2.4GHz / Bluetooth / USB-C', 2, '2026-06-01', '2026-06-10'),
(51, 17, 'Firmware', 'QMK/VIA', 3, '2026-06-01', '2026-06-10'),
(52, 18, 'Layout', '65%', 1, '2026-06-01', '2026-06-10'),
(53, 18, 'Kết nối', '2.4GHz / Bluetooth / USB-C', 2, '2026-06-01', '2026-06-10'),
(54, 18, 'Firmware', 'QMK/VIA', 3, '2026-06-01', '2026-06-10'),
(55, 19, 'Layout', '60%', 1, '2026-06-01', '2026-06-10'),
(56, 19, 'Kết nối', '2.4GHz / Bluetooth / USB-C', 2, '2026-06-01', '2026-06-10'),
(57, 19, 'Firmware', 'QMK/VIA', 3, '2026-06-01', '2026-06-10'),
(58, 20, 'Layout', 'Ergonomic', 1, '2026-06-01', '2026-06-10'),
(59, 20, 'Kết nối', '2.4GHz / Bluetooth / USB-C', 2, '2026-06-01', '2026-06-10'),
(60, 20, 'Firmware', 'Keychron mouse firmware', 3, '2026-06-01', '2026-06-10'),
(61, 21, 'Layout', 'Ambidextrous', 1, '2026-06-01', '2026-06-10'),
(62, 21, 'Kết nối', '2.4GHz / Bluetooth / USB-C', 2, '2026-06-01', '2026-06-10'),
(63, 21, 'Firmware', 'Keychron mouse firmware', 3, '2026-06-01', '2026-06-10'),
(64, 22, 'Layout', 'Lightweight', 1, '2026-06-01', '2026-06-10'),
(65, 22, 'Kết nối', '2.4GHz / Bluetooth / USB-C', 2, '2026-06-01', '2026-06-10'),
(66, 22, 'Firmware', 'Keychron mouse firmware', 3, '2026-06-01', '2026-06-10'),
(67, 23, 'Layout', '75% split Alice', 1, '2026-06-01', '2026-06-10'),
(68, 23, 'Kết nối', '2.4GHz / Bluetooth / USB-C', 2, '2026-06-01', '2026-06-10'),
(69, 23, 'Firmware', 'QMK/VIA', 3, '2026-06-01', '2026-06-10'),
(70, 24, 'Layout', '75% Alice', 1, '2026-06-01', '2026-06-10'),
(71, 24, 'Kết nối', '2.4GHz / Bluetooth / USB-C', 2, '2026-06-01', '2026-06-10'),
(72, 24, 'Firmware', 'QMK/VIA', 3, '2026-06-01', '2026-06-10'),
(73, 25, 'Layout', '96% southpaw', 1, '2026-06-01', '2026-06-10'),
(74, 25, 'Kết nối', '2.4GHz / Bluetooth / USB-C', 2, '2026-06-01', '2026-06-10'),
(75, 25, 'Firmware', 'QMK/VIA', 3, '2026-06-01', '2026-06-10'),
(76, 26, 'Layout', '96% Alice', 1, '2026-06-01', '2026-06-10'),
(77, 26, 'Kết nối', '2.4GHz / Bluetooth / USB-C', 2, '2026-06-01', '2026-06-10'),
(78, 26, 'Firmware', 'QMK/VIA', 3, '2026-06-01', '2026-06-10'),
(79, 27, 'Layout', '75%', 1, '2026-06-01', '2026-06-10'),
(80, 27, 'Kết nối', 'USB-C / Bluetooth / 2.4GHz', 2, '2026-06-01', '2026-06-10'),
(81, 27, 'Điểm nổi bật', 'Khung nhôm CNC, gasket mount, hotswap, RGB, knob', 3, '2026-06-01', '2026-06-10'),
(82, 28, 'Layout', 'Fullsize 108 phím', 1, '2026-06-01', '2026-06-10'),
(83, 28, 'Kết nối', 'USB-C / Bluetooth / 2.4GHz', 2, '2026-06-01', '2026-06-10'),
(84, 28, 'Điểm nổi bật', 'Khung nhôm CNC nguyên khối, led viền, hotswap', 3, '2026-06-01', '2026-06-10'),
(85, 29, 'Layout', '75%', 1, '2026-06-01', '2026-06-10'),
(86, 29, 'Kết nối', 'USB-C / Bluetooth / 2.4GHz', 2, '2026-06-01', '2026-06-10'),
(87, 29, 'Điểm nổi bật', 'Khung nhôm CNC, âm gõ đầm, hoàn thiện cao cấp', 3, '2026-06-01', '2026-06-10'),
(88, 30, 'Layout', '98% compact có numpad', 1, '2026-06-01', '2026-06-10'),
(89, 30, 'Kết nối', 'USB-C / Bluetooth / 2.4GHz', 2, '2026-06-01', '2026-06-10'),
(90, 30, 'Điểm nổi bật', 'Phối màu cute, tiếng gõ êm, hotswap', 3, '2026-06-01', '2026-06-10'),
(91, 31, 'Layout', '75%', 1, '2026-06-01', '2026-06-10'),
(92, 31, 'Kết nối', 'USB-C / Bluetooth / 2.4GHz', 2, '2026-06-01', '2026-06-10'),
(93, 31, 'Điểm nổi bật', 'Giá tốt, hotswap, RGB, âm gõ dễ nghe', 3, '2026-06-01', '2026-06-10'),
(94, 32, 'Layout', '75%', 1, '2026-06-01', '2026-06-10'),
(95, 32, 'Kết nối', 'USB-C / Bluetooth / 2.4GHz', 2, '2026-06-01', '2026-06-10'),
(96, 32, 'Điểm nổi bật', 'Phối màu cute, knob, âm gõ êm, hotswap', 3, '2026-06-01', '2026-06-10'),
(97, 33, 'Layout', '98% compact fullsize', 1, '2026-06-01', '2026-06-10'),
(98, 33, 'Kết nối', 'USB-C / Bluetooth / 2.4GHz', 2, '2026-06-01', '2026-06-10'),
(99, 33, 'Điểm nổi bật', 'Khung nhôm CNC, âm gõ đầm, hotswap', 3, '2026-06-01', '2026-06-10'),
(100, 34, 'Layout', 'TKL 87 phím', 1, '2026-06-01', '2026-06-10'),
(101, 34, 'Kết nối', 'USB-C / Bluetooth / 2.4GHz', 2, '2026-06-01', '2026-06-10'),
(102, 34, 'Điểm nổi bật', 'RGB, màn LCD trang trí, hotswap', 3, '2026-06-01', '2026-06-10'),
(103, 35, 'Profile', 'Cherry', 1, '2026-06-01', '2026-06-10'),
(104, 35, 'Chất liệu', 'ABS doubleshot', 2, '2026-06-01', '2026-06-10'),
(105, 35, 'Tương thích layout', '60% / 65% / 75% / TKL / fullsize', 3, '2026-06-01', '2026-06-10'),
(106, 36, 'Profile', 'Cherry', 1, '2026-06-01', '2026-06-10'),
(107, 36, 'Chất liệu', 'Keycap clone cao cấp', 2, '2026-06-01', '2026-06-10'),
(108, 36, 'Tương thích layout', '60% / 65% / 75% / TKL / fullsize', 3, '2026-06-01', '2026-06-10'),
(109, 37, 'Profile', 'Cherry', 1, '2026-06-01', '2026-06-10'),
(110, 37, 'Chất liệu', 'PBT', 2, '2026-06-01', '2026-06-10'),
(111, 37, 'Tương thích layout', '60% / 65% / 75% / TKL / fullsize', 3, '2026-06-01', '2026-06-10'),
(112, 38, 'Profile', 'Cherry', 1, '2026-06-01', '2026-06-10'),
(113, 38, 'Chất liệu', 'PBT', 2, '2026-06-01', '2026-06-10'),
(114, 38, 'Tương thích layout', '60% / 65% / 75% / TKL / fullsize', 3, '2026-06-01', '2026-06-10'),
(115, 39, 'Profile', 'Cherry', 1, '2026-06-01', '2026-06-10'),
(116, 39, 'Chất liệu', 'PBT', 2, '2026-06-01', '2026-06-10'),
(117, 39, 'Tương thích layout', '60% / 65% / 75% / TKL / fullsize', 3, '2026-06-01', '2026-06-10'),
(118, 40, 'Profile', 'Cherry', 1, '2026-06-01', '2026-06-10'),
(119, 40, 'Chất liệu', 'PBT doubleshot', 2, '2026-06-01', '2026-06-10'),
(120, 40, 'Tương thích layout', '60% / 65% / 75% / TKL / fullsize', 3, '2026-06-01', '2026-06-10'),
(121, 41, 'Profile', 'Cherry', 1, '2026-06-01', '2026-06-10'),
(122, 41, 'Chất liệu', 'PBT doubleshot', 2, '2026-06-01', '2026-06-10'),
(123, 41, 'Tương thích layout', '60% / 65% / 75% / TKL / fullsize', 3, '2026-06-01', '2026-06-10'),
(124, 42, 'Profile', 'Cherry', 1, '2026-06-01', '2026-06-10'),
(125, 42, 'Chất liệu', 'PBT doubleshot', 2, '2026-06-01', '2026-06-10'),
(126, 42, 'Tương thích layout', '60% / 65% / 75% / TKL / fullsize', 3, '2026-06-01', '2026-06-10'),
(127, 43, 'Profile', 'Cherry', 1, '2026-06-01', '2026-06-10'),
(128, 43, 'Chất liệu', 'PBT dyesub', 2, '2026-06-01', '2026-06-10'),
(129, 43, 'Tương thích layout', '60% / 65% / 75% / TKL / fullsize', 3, '2026-06-01', '2026-06-10'),
(130, 44, 'Profile', 'Cherry', 1, '2026-06-01', '2026-06-10'),
(131, 44, 'Chất liệu', 'PBT dyesub', 2, '2026-06-01', '2026-06-10'),
(132, 44, 'Tương thích layout', '60% / 65% / 75% / TKL / fullsize', 3, '2026-06-01', '2026-06-10'),
(133, 45, 'Layout', 'Fullsize có numpad', 1, '2026-06-01', '2026-06-10'),
(134, 45, 'Kết nối', 'Tri-mode', 2, '2026-06-01', '2026-06-10'),
(135, 45, 'Switch', 'Silent linear', 3, '2026-06-01', '2026-06-10'),
(136, 45, 'Phù hợp', 'Văn phòng yên tĩnh / setup cute', 4, '2026-06-01', '2026-06-10'),
(137, 46, 'Layout', '75% compact', 1, '2026-06-01', '2026-06-10'),
(138, 46, 'Kết nối', 'Tri-mode', 2, '2026-06-01', '2026-06-10'),
(139, 46, 'Điểm nổi bật', 'Núm xoay, foam tiêu âm', 3, '2026-06-01', '2026-06-10'),
(140, 46, 'Phù hợp', 'Học tập / làm việc / gaming nhẹ', 4, '2026-06-01', '2026-06-10'),
(141, 47, 'Layout', '98% compact fullsize', 1, '2026-06-01', '2026-06-10'),
(142, 47, 'Kết nối', 'Tri-mode', 2, '2026-06-01', '2026-06-10'),
(143, 47, 'Điểm nổi bật', 'Núm xoay, numpad gọn', 3, '2026-06-01', '2026-06-10'),
(144, 47, 'Phù hợp', 'Văn phòng cần nhập số', 4, '2026-06-01', '2026-06-10'),
(145, 48, 'Layout', '65%', 1, '2026-06-01', '2026-06-10'),
(146, 48, 'Vật liệu', 'Nhôm CNC', 2, '2026-06-01', '2026-06-10'),
(147, 48, 'PCB', '1.6mm hotswap', 3, '2026-06-01', '2026-06-10'),
(148, 48, 'Phù hợp', 'Custom build gọn cao cấp', 4, '2026-06-01', '2026-06-10'),
(149, 49, 'Layout', '75%', 1, '2026-06-01', '2026-06-10'),
(150, 49, 'Vật liệu', 'Nhôm CNC', 2, '2026-06-01', '2026-06-10'),
(151, 49, 'Điểm nổi bật', 'Catch ball, knob, âm đầm', 3, '2026-06-01', '2026-06-10'),
(152, 49, 'Phù hợp', 'Setup cao cấp gọn bàn', 4, '2026-06-01', '2026-06-10'),
(153, 50, 'Layout', '75%', 1, '2026-06-01', '2026-06-10'),
(154, 50, 'Kết nối', 'Tri-mode', 2, '2026-06-01', '2026-06-10'),
(155, 50, 'Điểm nổi bật', 'Phối màu retro, giá tốt', 3, '2026-06-01', '2026-06-10'),
(156, 50, 'Phù hợp', 'Người mới chơi phím cơ', 4, '2026-06-01', '2026-06-10'),
(157, 51, 'Layout', 'Compact low profile', 1, '2026-06-01', '2026-06-10'),
(158, 51, 'Kết nối', 'USB-C / Bluetooth', 2, '2026-06-01', '2026-06-10'),
(159, 51, 'Điểm nổi bật', 'Mỏng nhẹ, dễ mang theo', 3, '2026-06-01', '2026-06-10'),
(160, 51, 'Phù hợp', 'Laptop / văn phòng / di chuyển', 4, '2026-06-01', '2026-06-10'),
(161, 52, 'Profile', 'Cherry', 1, '2026-06-01', '2026-06-10'),
(162, 52, 'Chất liệu', 'PBT', 2, '2026-06-01', '2026-06-10'),
(163, 52, 'Theme', 'Carbon', 3, '2026-06-01', '2026-06-10'),
(164, 52, 'Tương thích layout', 'ANSI phổ thông, hỗ trợ nhiều layout', 4, '2026-06-01', '2026-06-10'),
(165, 53, 'Profile', 'Cherry', 1, '2026-06-01', '2026-06-10'),
(166, 53, 'Chất liệu', 'PBT dyesub', 2, '2026-06-01', '2026-06-10'),
(167, 53, 'Theme', 'Pastel / Frozen Yogurt', 3, '2026-06-01', '2026-06-10'),
(168, 53, 'Tương thích layout', 'ANSI phổ thông', 4, '2026-06-01', '2026-06-10'),
(169, 54, 'Profile', 'XVX', 1, '2026-06-01', '2026-06-10'),
(170, 54, 'Chất liệu', 'PBT xuyên led', 2, '2026-06-01', '2026-06-10'),
(171, 54, 'Điểm nổi bật', 'Xuyên led 4 góc', 3, '2026-06-01', '2026-06-10'),
(172, 54, 'Tương thích layout', 'ANSI phổ thông', 4, '2026-06-01', '2026-06-10'),
(173, 55, 'Profile', 'Cherry', 1, '2026-06-01', '2026-06-10'),
(174, 55, 'Chất liệu', 'PBT dyesub', 2, '2026-06-01', '2026-06-10'),
(175, 55, 'Theme', 'Matcha green', 3, '2026-06-01', '2026-06-10'),
(176, 55, 'Tương thích layout', 'ANSI phổ thông', 4, '2026-06-01', '2026-06-10'),
(177, 56, 'Profile', 'Cherry', 1, '2026-06-01', '2026-06-10'),
(178, 56, 'Chất liệu', 'PBT', 2, '2026-06-01', '2026-06-10'),
(179, 56, 'Theme', 'Ball Cap', 3, '2026-06-01', '2026-06-10'),
(180, 56, 'Tương thích layout', 'ANSI phổ thông', 4, '2026-06-01', '2026-06-10'),
(181, 57, 'Profile', 'Cherry', 1, '2026-06-01', '2026-06-10'),
(182, 57, 'Chất liệu', 'PBT dyesub', 2, '2026-06-01', '2026-06-10'),
(183, 57, 'Theme', 'Cat / cute', 3, '2026-06-01', '2026-06-10'),
(184, 57, 'Tương thích layout', 'ANSI phổ thông', 4, '2026-06-01', '2026-06-10'),
(185, 58, 'Profile', 'Cherry', 1, '2026-06-01', '2026-06-10'),
(186, 58, 'Chất liệu', 'PBT', 2, '2026-06-01', '2026-06-10'),
(187, 58, 'Theme', 'Piifox Natra', 3, '2026-06-01', '2026-06-10'),
(188, 58, 'Tương thích layout', 'ANSI phổ thông', 4, '2026-06-01', '2026-06-10'),
(189, 59, 'Profile', 'SA high profile', 1, '2026-06-01', '2026-06-10'),
(190, 59, 'Chất liệu', 'ABS', 2, '2026-06-01', '2026-06-10'),
(191, 59, 'Theme', 'Yellow Screen', 3, '2026-06-01', '2026-06-10'),
(192, 59, 'Tương thích layout', 'ANSI phổ thông', 4, '2026-06-01', '2026-06-10'),
(193, 60, 'Profile', 'Contour', 1, '2026-06-01', '2026-06-10'),
(194, 60, 'Chất liệu', 'PBT xuyên led', 2, '2026-06-01', '2026-06-10'),
(195, 60, 'Điểm nổi bật', 'Chữ in mặt bên', 3, '2026-06-01', '2026-06-10'),
(196, 60, 'Tương thích layout', 'ANSI / bàn phím gaming RGB', 4, '2026-06-01', '2026-06-10'),
(197, 61, 'Loại switch', 'Linear silent', 1, '2026-06-01', '2026-06-10'),
(198, 61, 'Âm thanh', 'Yên tĩnh', 2, '2026-06-01', '2026-06-10'),
(199, 61, 'Ứng dụng', 'Văn phòng / late-night typing', 3, '2026-06-01', '2026-06-10'),
(200, 61, 'Đơn vị', 'Giá theo 1 switch', 4, '2026-06-01', '2026-06-10'),
(201, 62, 'Loại switch', 'Linear', 1, '2026-06-01', '2026-06-10'),
(202, 62, 'Âm thanh', 'Deep creamy', 2, '2026-06-01', '2026-06-10'),
(203, 62, 'Ứng dụng', 'Custom keyboard âm trầm', 3, '2026-06-01', '2026-06-10'),
(204, 62, 'Đơn vị', 'Giá theo 1 switch', 4, '2026-06-01', '2026-06-10'),
(205, 63, 'Loại switch', 'Silent linear', 1, '2026-06-01', '2026-06-10'),
(206, 63, 'Âm thanh', 'Rất yên tĩnh', 2, '2026-06-01', '2026-06-10'),
(207, 63, 'Ứng dụng', 'Văn phòng / ký túc xá', 3, '2026-06-01', '2026-06-10'),
(208, 63, 'Đơn vị', 'Giá theo 1 switch', 4, '2026-06-01', '2026-06-10'),
(209, 64, 'Loại switch', 'Silent linear', 1, '2026-06-01', '2026-06-10'),
(210, 64, 'Âm thanh', 'Im lặng', 2, '2026-06-01', '2026-06-10'),
(211, 64, 'Ứng dụng', 'Build giá tốt cần giảm ồn', 3, '2026-06-01', '2026-06-10'),
(212, 64, 'Đơn vị', 'Giá theo 1 switch', 4, '2026-06-01', '2026-06-10');

-- Cart
-- Không có bảng carts trong entity hiện tại; giỏ hàng được biểu diễn bằng cart_items theo user_id.

-- Cart Items
INSERT INTO cart_items (id, user_id, variant_id, quantity, created_at, updated_at) VALUES
(1, 1, 4, 1, '2026-06-20', '2026-06-20'),
(2, 1, 8, 1, '2026-06-20', '2026-06-20'),
(3, 1, 18, 1, '2026-06-20', '2026-06-20'),
(4, 1, 20, 1, '2026-06-20', '2026-06-20'),
(5, 1, 22, 1, '2026-06-20', '2026-06-20'),
(6, 2, 1, 1, '2026-06-20', '2026-06-20'),
(7, 3, 11, 1, '2026-06-20', '2026-06-20'),
(8, 4, 21, 1, '2026-06-20', '2026-06-20');

-- Orders
INSERT INTO orders (id, user_id, total_amount, status, payment_method, payment_status, shipping_fee, transaction_id, address_id, created_at, updated_at) VALUES
(6, 2, 2520000, 'SUCCESS', 'VNPAY', 'PAID', 30000, 'VNPAY-SEED-0006', 3, '2026-05-10', '2026-05-14'),
(7, 3, 5620000, 'SUCCESS', 'COD', 'PAID', 30000, NULL, 4, '2026-05-18', '2026-05-22'),
(8, 4, 1340000, 'RETURNED', 'COD', 'PAID', 50000, NULL, 5, '2026-04-20', '2026-05-02'),
(9, 2, 2280000, 'SUCCESS', 'VNPAY', 'PAID', 30000, 'VNPAY-SEED-0009', 3, '2026-05-27', '2026-05-27'),
(10, 3, 2355000, 'SUCCESS', 'MOMO', 'PAID', 35000, 'MOMO-SEED-0010', 4, '2026-05-29', '2026-05-29'),
(11, 4, 2625000, 'SUCCESS', 'PAYPAL', 'PAID', 65000, 'PAYPAL-SEED-0011', 5, '2026-05-31', '2026-05-31'),
(12, 5, 1230000, 'SUCCESS', 'COD', 'PAID', 30000, NULL, 6, '2026-06-01', '2026-06-01'),
(13, 6, 1610000, 'SUCCESS', 'VNPAY', 'PAID', 30000, 'VNPAY-SEED-0013', 7, '2026-06-03', '2026-06-03'),
(14, 7, 2095000, 'SUCCESS', 'MOMO', 'PAID', 45000, 'MOMO-SEED-0014', 8, '2026-06-05', '2026-06-05'),
(15, 8, 4415000, 'SUCCESS', 'PAYPAL', 'PAID', 65000, 'PAYPAL-SEED-0015', 9, '2026-06-07', '2026-06-07'),
(16, 9, 1410000, 'SUCCESS', 'COD', 'PAID', 30000, NULL, 10, '2026-06-09', '2026-06-09'),
(17, 2, 2660000, 'SUCCESS', 'VNPAY', 'PAID', 30000, 'VNPAY-SEED-0017', 3, '2026-06-11', '2026-06-11'),
(18, 3, 1761000, 'SUCCESS', 'MOMO', 'PAID', 35000, 'MOMO-SEED-0018', 4, '2026-06-13', '2026-06-13'),
(19, 4, 1815000, 'SUCCESS', 'PAYPAL', 'PAID', 65000, 'PAYPAL-SEED-0019', 5, '2026-06-15', '2026-06-15'),
(20, 5, 2580000, 'SUCCESS', 'COD', 'PAID', 30000, NULL, 6, '2026-06-17', '2026-06-17'),
(21, 6, 2420000, 'SUCCESS', 'VNPAY', 'PAID', 30000, 'VNPAY-SEED-0021', 7, '2026-06-19', '2026-06-19'),
(22, 7, 2384000, 'SUCCESS', 'MOMO', 'PAID', 35000, 'MOMO-SEED-0022', 8, '2026-06-20', '2026-06-20'),
(23, 8, 3165000, 'SUCCESS', 'PAYPAL', 'PAID', 65000, 'PAYPAL-SEED-0023', 9, '2026-06-21', '2026-06-21'),
(24, 9, 963000, 'SUCCESS', 'COD', 'PAID', 30000, NULL, 10, '2026-06-22', '2026-06-22'),
(26, 2, 1085000, 'SUCCESS', 'MOMO', 'PAID', 35000, 'MOMO-SEED-0026', 3, '2026-06-24', '2026-06-24'),
(27, 3, 2375000, 'SUCCESS', 'VNPAY', 'PAID', 30000, 'VNPAY-SEED-0027', 4, '2026-06-25', '2026-06-25'),
(28, 4, 4795000, 'SUCCESS', 'PAYPAL', 'PAID', 65000, 'PAYPAL-SEED-0028', 5, '2026-06-25', '2026-06-25'),
(29, 5, 1380000, 'PENDING', 'COD', 'PENDING', 30000, NULL, 6, '2026-06-25', '2026-06-25'),
(30, 6, 1750000, 'PENDING', 'VNPAY', 'PENDING', 30000, 'VNPAY-PENDING-0030', 7, '2026-06-25', '2026-06-25'),
(31, 7, 2235000, 'PREPARING', 'MOMO', 'PAID', 35000, 'MOMO-SEED-0031', 8, '2026-06-24', '2026-06-24'),
(32, 8, 2985000, 'PREPARING', 'PAYPAL', 'PAID', 65000, 'PAYPAL-SEED-0032', 9, '2026-06-23', '2026-06-23'),
(33, 9, 1330000, 'SHIPPING', 'VNPAY', 'PAID', 30000, 'VNPAY-SEED-0033', 10, '2026-06-22', '2026-06-22'),
(35, 2, 1550000, 'CANCELLED', 'MOMO', 'FAILED', 0, 'MOMO-FAILED-0035', 3, '2026-06-20', '2026-06-20'),
(36, 3, 1550000, 'CANCELLED', 'PAYPAL', 'FAILED', 0, 'PAYPAL-FAILED-0036', 4, '2026-06-18', '2026-06-18'),
(37, 4, 2330000, 'RETURNED', 'COD', 'PAID', 30000, NULL, 5, '2026-06-16', '2026-06-16'),
(38, 5, 1780000, 'RETURNED', 'VNPAY', 'PAID', 30000, 'VNPAY-RETURNED-0038', 6, '2026-06-14', '2026-06-14'),
(39, 6, 2346000, 'SUCCESS', 'VNPAY', 'PAID', 30000, 'VNPAY-SEED-0039', 7, '2026-06-25', '2026-06-25'),
(40, 7, 2685000, 'SUCCESS', 'MOMO', 'PAID', 35000, 'MOMO-SEED-0040', 8, '2026-06-25', '2026-06-25');

-- Order Items
INSERT INTO order_items (id, order_id, variant_id, quantity, price, created_at, updated_at) VALUES
(8, 6, 2, 1, 2490000, '2026-05-10', '2026-05-10'),
(9, 7, 11, 1, 5590000, '2026-05-18', '2026-05-18'),
(10, 8, 20, 1, 1290000, '2026-04-20', '2026-04-20'),
(11, 9, 27, 1, 1750000, '2026-05-27', '2026-05-27'),
(12, 9, 39, 1, 500000, '2026-05-27', '2026-05-27'),
(13, 10, 30, 1, 1900000, '2026-05-29', '2026-05-29'),
(14, 10, 55, 1, 350000, '2026-05-29', '2026-05-29'),
(15, 10, 61, 10, 7000, '2026-05-29', '2026-05-29'),
(16, 11, 48, 1, 2470000, '2026-05-31', '2026-05-31'),
(17, 11, 62, 20, 4500, '2026-05-31', '2026-05-31'),
(18, 12, 50, 1, 800000, '2026-06-01', '2026-06-01'),
(19, 12, 53, 1, 400000, '2026-06-01', '2026-06-01'),
(20, 13, 31, 1, 950000, '2026-06-03', '2026-06-03'),
(21, 13, 54, 1, 570000, '2026-06-03', '2026-06-03'),
(22, 13, 63, 15, 4000, '2026-06-03', '2026-06-03'),
(23, 14, 33, 1, 1550000, '2026-06-05', '2026-06-05'),
(24, 14, 40, 1, 500000, '2026-06-05', '2026-06-05'),
(25, 15, 29, 1, 3900000, '2026-06-07', '2026-06-07'),
(26, 15, 60, 1, 450000, '2026-06-07', '2026-06-07'),
(27, 16, 34, 1, 1050000, '2026-06-09', '2026-06-09'),
(28, 16, 57, 1, 330000, '2026-06-09', '2026-06-09'),
(29, 17, 45, 1, 1800000, '2026-06-11', '2026-06-11'),
(30, 17, 58, 1, 830000, '2026-06-11', '2026-06-11'),
(31, 18, 46, 1, 1150000, '2026-06-13', '2026-06-13'),
(32, 18, 52, 1, 500000, '2026-06-13', '2026-06-13'),
(33, 18, 64, 20, 3800, '2026-06-13', '2026-06-13'),
(34, 19, 47, 1, 1250000, '2026-06-15', '2026-06-15'),
(35, 19, 41, 1, 500000, '2026-06-15', '2026-06-15'),
(36, 20, 49, 1, 2050000, '2026-06-17', '2026-06-17'),
(37, 20, 56, 1, 500000, '2026-06-17', '2026-06-17'),
(38, 21, 32, 1, 1850000, '2026-06-19', '2026-06-19'),
(39, 21, 43, 1, 400000, '2026-06-19', '2026-06-19'),
(40, 21, 61, 20, 7000, '2026-06-19', '2026-06-19'),
(41, 22, 51, 1, 1899000, '2026-06-20', '2026-06-20'),
(42, 22, 59, 1, 450000, '2026-06-20', '2026-06-20'),
(43, 23, 28, 1, 2600000, '2026-06-21', '2026-06-21'),
(44, 23, 42, 1, 500000, '2026-06-21', '2026-06-21'),
(45, 24, 35, 2, 399000, '2026-06-22', '2026-06-22'),
(46, 24, 62, 30, 4500, '2026-06-22', '2026-06-22'),
(49, 26, 38, 1, 550000, '2026-06-24', '2026-06-24'),
(50, 26, 44, 1, 400000, '2026-06-24', '2026-06-24'),
(51, 26, 63, 25, 4000, '2026-06-24', '2026-06-24'),
(52, 27, 27, 1, 1750000, '2026-06-25', '2026-06-25'),
(53, 27, 52, 1, 500000, '2026-06-25', '2026-06-25'),
(54, 27, 64, 25, 3800, '2026-06-25', '2026-06-25'),
(55, 28, 29, 1, 3900000, '2026-06-25', '2026-06-25'),
(56, 28, 58, 1, 830000, '2026-06-25', '2026-06-25'),
(57, 29, 31, 1, 950000, '2026-06-25', '2026-06-25'),
(58, 29, 53, 1, 400000, '2026-06-25', '2026-06-25'),
(59, 30, 46, 1, 1150000, '2026-06-25', '2026-06-25'),
(60, 30, 54, 1, 570000, '2026-06-25', '2026-06-25'),
(61, 31, 32, 1, 1850000, '2026-06-24', '2026-06-24'),
(62, 31, 55, 1, 350000, '2026-06-24', '2026-06-24'),
(63, 32, 48, 1, 2470000, '2026-06-23', '2026-06-23'),
(64, 32, 60, 1, 450000, '2026-06-23', '2026-06-23'),
(65, 33, 50, 1, 800000, '2026-06-22', '2026-06-22'),
(66, 33, 56, 1, 500000, '2026-06-22', '2026-06-22'),
(69, 35, 33, 1, 1550000, '2026-06-20', '2026-06-20'),
(70, 36, 34, 1, 1050000, '2026-06-18', '2026-06-18'),
(71, 36, 39, 1, 500000, '2026-06-18', '2026-06-18'),
(72, 37, 45, 1, 1800000, '2026-06-16', '2026-06-16'),
(73, 37, 40, 1, 500000, '2026-06-16', '2026-06-16'),
(74, 38, 47, 1, 1250000, '2026-06-14', '2026-06-14'),
(75, 38, 41, 1, 500000, '2026-06-14', '2026-06-14'),
(76, 39, 61, 120, 7000, '2026-06-25', '2026-06-25'),
(77, 39, 62, 120, 4500, '2026-06-25', '2026-06-25'),
(78, 39, 63, 120, 4000, '2026-06-25', '2026-06-25'),
(79, 39, 64, 120, 3800, '2026-06-25', '2026-06-25'),
(80, 40, 30, 1, 1900000, '2026-06-25', '2026-06-25'),
(81, 40, 53, 1, 400000, '2026-06-25', '2026-06-25'),
(82, 40, 55, 1, 350000, '2026-06-25', '2026-06-25');

-- Order Status History
INSERT INTO order_status_history (id, from_status, to_status, note, created_at, created_by, order_id) VALUES
(13, NULL, 'PENDING', 'Đơn của khách Nguyễn Minh Anh.', '2026-05-10 10:00:00', 2, 6),
(14, 'PENDING', 'PREPARING', 'Kho chuẩn bị K8 Pro.', '2026-05-10 13:00:00', 12, 6),
(15, 'PREPARING', 'SHIPPING', 'Đã giao cho vận chuyển.', '2026-05-11 09:00:00', 12, 6),
(16, 'SHIPPING', 'SUCCESS', 'Khách đã nhận hàng.', '2026-05-14 16:00:00', 12, 6),
(17, NULL, 'PENDING', 'Đơn Q5 Max COD.', '2026-05-18 10:00:00', 3, 7),
(18, 'PENDING', 'PREPARING', 'Kho đóng gói.', '2026-05-18 14:00:00', 12, 7),
(19, 'PREPARING', 'SHIPPING', 'Đang vận chuyển.', '2026-05-20 09:00:00', 12, 7),
(20, 'SHIPPING', 'SUCCESS', 'Giao hàng thành công.', '2026-05-22 17:00:00', 12, 7),
(21, NULL, 'PENDING', 'Đơn chuột M6 COD.', '2026-04-20 08:40:00', 4, 8),
(22, 'PENDING', 'PREPARING', 'Đang chuẩn bị hàng.', '2026-04-20 11:30:00', 12, 8),
(23, 'PREPARING', 'SHIPPING', 'Đã gửi hàng.', '2026-04-21 14:00:00', 12, 8),
(24, 'SHIPPING', 'SUCCESS', 'Khách đã nhận hàng.', '2026-04-23 18:10:00', 12, 8),
(25, 'SUCCESS', 'RETURNED', 'Khách trả hàng do đổi nhu cầu.', '2026-05-02 10:00:00', 11, 8),
(26, NULL, 'PENDING', 'Khách tạo đơn hàng.', '2026-05-27 09:00:00', 2, 9),
(27, 'PENDING', 'PREPARING', 'Kho xác nhận và chuẩn bị hàng.', '2026-05-27 11:30:00', 12, 9),
(28, 'PREPARING', 'SHIPPING', 'Đơn đã bàn giao cho vận chuyển.', '2026-05-27 13:30:00', 12, 9),
(29, 'SHIPPING', 'SUCCESS', 'Giao hàng thành công.', '2026-05-27 15:30:00', 12, 9),
(30, NULL, 'PENDING', 'Khách tạo đơn hàng.', '2026-05-29 09:00:00', 3, 10),
(31, 'PENDING', 'PREPARING', 'Kho xác nhận và chuẩn bị hàng.', '2026-05-29 11:30:00', 12, 10),
(32, 'PREPARING', 'SHIPPING', 'Đơn đã bàn giao cho vận chuyển.', '2026-05-29 13:30:00', 12, 10),
(33, 'SHIPPING', 'SUCCESS', 'Giao hàng thành công.', '2026-05-29 15:30:00', 12, 10),
(34, NULL, 'PENDING', 'Khách tạo đơn hàng.', '2026-05-31 09:00:00', 4, 11),
(35, 'PENDING', 'PREPARING', 'Kho xác nhận và chuẩn bị hàng.', '2026-05-31 11:30:00', 12, 11),
(36, 'PREPARING', 'SHIPPING', 'Đơn đã bàn giao cho vận chuyển.', '2026-05-31 13:30:00', 12, 11),
(37, 'SHIPPING', 'SUCCESS', 'Giao hàng thành công.', '2026-05-31 15:30:00', 12, 11),
(38, NULL, 'PENDING', 'Khách tạo đơn hàng.', '2026-06-01 09:00:00', 5, 12),
(39, 'PENDING', 'PREPARING', 'Kho xác nhận và chuẩn bị hàng.', '2026-06-01 11:30:00', 12, 12),
(40, 'PREPARING', 'SHIPPING', 'Đơn đã bàn giao cho vận chuyển.', '2026-06-01 13:30:00', 12, 12),
(41, 'SHIPPING', 'SUCCESS', 'Giao hàng thành công.', '2026-06-01 15:30:00', 12, 12),
(42, NULL, 'PENDING', 'Khách tạo đơn hàng.', '2026-06-03 09:00:00', 6, 13),
(43, 'PENDING', 'PREPARING', 'Kho xác nhận và chuẩn bị hàng.', '2026-06-03 11:30:00', 12, 13),
(44, 'PREPARING', 'SHIPPING', 'Đơn đã bàn giao cho vận chuyển.', '2026-06-03 13:30:00', 12, 13),
(45, 'SHIPPING', 'SUCCESS', 'Giao hàng thành công.', '2026-06-03 15:30:00', 12, 13),
(46, NULL, 'PENDING', 'Khách tạo đơn hàng.', '2026-06-05 09:00:00', 7, 14),
(47, 'PENDING', 'PREPARING', 'Kho xác nhận và chuẩn bị hàng.', '2026-06-05 11:30:00', 12, 14),
(48, 'PREPARING', 'SHIPPING', 'Đơn đã bàn giao cho vận chuyển.', '2026-06-05 13:30:00', 12, 14),
(49, 'SHIPPING', 'SUCCESS', 'Giao hàng thành công.', '2026-06-05 15:30:00', 12, 14),
(50, NULL, 'PENDING', 'Khách tạo đơn hàng.', '2026-06-07 09:00:00', 8, 15),
(51, 'PENDING', 'PREPARING', 'Kho xác nhận và chuẩn bị hàng.', '2026-06-07 11:30:00', 12, 15),
(52, 'PREPARING', 'SHIPPING', 'Đơn đã bàn giao cho vận chuyển.', '2026-06-07 13:30:00', 12, 15),
(53, 'SHIPPING', 'SUCCESS', 'Giao hàng thành công.', '2026-06-07 15:30:00', 12, 15),
(54, NULL, 'PENDING', 'Khách tạo đơn hàng.', '2026-06-09 09:00:00', 9, 16),
(55, 'PENDING', 'PREPARING', 'Kho xác nhận và chuẩn bị hàng.', '2026-06-09 11:30:00', 12, 16),
(56, 'PREPARING', 'SHIPPING', 'Đơn đã bàn giao cho vận chuyển.', '2026-06-09 13:30:00', 12, 16),
(57, 'SHIPPING', 'SUCCESS', 'Giao hàng thành công.', '2026-06-09 15:30:00', 12, 16),
(58, NULL, 'PENDING', 'Khách tạo đơn hàng.', '2026-06-11 09:00:00', 2, 17),
(59, 'PENDING', 'PREPARING', 'Kho xác nhận và chuẩn bị hàng.', '2026-06-11 11:30:00', 12, 17),
(60, 'PREPARING', 'SHIPPING', 'Đơn đã bàn giao cho vận chuyển.', '2026-06-11 13:30:00', 12, 17),
(61, 'SHIPPING', 'SUCCESS', 'Giao hàng thành công.', '2026-06-11 15:30:00', 12, 17),
(62, NULL, 'PENDING', 'Khách tạo đơn hàng.', '2026-06-13 09:00:00', 3, 18),
(63, 'PENDING', 'PREPARING', 'Kho xác nhận và chuẩn bị hàng.', '2026-06-13 11:30:00', 12, 18),
(64, 'PREPARING', 'SHIPPING', 'Đơn đã bàn giao cho vận chuyển.', '2026-06-13 13:30:00', 12, 18),
(65, 'SHIPPING', 'SUCCESS', 'Giao hàng thành công.', '2026-06-13 15:30:00', 12, 18),
(66, NULL, 'PENDING', 'Khách tạo đơn hàng.', '2026-06-15 09:00:00', 4, 19),
(67, 'PENDING', 'PREPARING', 'Kho xác nhận và chuẩn bị hàng.', '2026-06-15 11:30:00', 12, 19),
(68, 'PREPARING', 'SHIPPING', 'Đơn đã bàn giao cho vận chuyển.', '2026-06-15 13:30:00', 12, 19),
(69, 'SHIPPING', 'SUCCESS', 'Giao hàng thành công.', '2026-06-15 15:30:00', 12, 19),
(70, NULL, 'PENDING', 'Khách tạo đơn hàng.', '2026-06-17 09:00:00', 5, 20),
(71, 'PENDING', 'PREPARING', 'Kho xác nhận và chuẩn bị hàng.', '2026-06-17 11:30:00', 12, 20),
(72, 'PREPARING', 'SHIPPING', 'Đơn đã bàn giao cho vận chuyển.', '2026-06-17 13:30:00', 12, 20),
(73, 'SHIPPING', 'SUCCESS', 'Giao hàng thành công.', '2026-06-17 15:30:00', 12, 20),
(74, NULL, 'PENDING', 'Khách tạo đơn hàng.', '2026-06-19 09:00:00', 6, 21),
(75, 'PENDING', 'PREPARING', 'Kho xác nhận và chuẩn bị hàng.', '2026-06-19 11:30:00', 12, 21),
(76, 'PREPARING', 'SHIPPING', 'Đơn đã bàn giao cho vận chuyển.', '2026-06-19 13:30:00', 12, 21),
(77, 'SHIPPING', 'SUCCESS', 'Giao hàng thành công.', '2026-06-19 15:30:00', 12, 21),
(78, NULL, 'PENDING', 'Khách tạo đơn hàng.', '2026-06-20 09:00:00', 7, 22),
(79, 'PENDING', 'PREPARING', 'Kho xác nhận và chuẩn bị hàng.', '2026-06-20 11:30:00', 12, 22),
(80, 'PREPARING', 'SHIPPING', 'Đơn đã bàn giao cho vận chuyển.', '2026-06-20 13:30:00', 12, 22),
(81, 'SHIPPING', 'SUCCESS', 'Giao hàng thành công.', '2026-06-20 15:30:00', 12, 22),
(82, NULL, 'PENDING', 'Khách tạo đơn hàng.', '2026-06-21 09:00:00', 8, 23),
(83, 'PENDING', 'PREPARING', 'Kho xác nhận và chuẩn bị hàng.', '2026-06-21 11:30:00', 12, 23),
(84, 'PREPARING', 'SHIPPING', 'Đơn đã bàn giao cho vận chuyển.', '2026-06-21 13:30:00', 12, 23),
(85, 'SHIPPING', 'SUCCESS', 'Giao hàng thành công.', '2026-06-21 15:30:00', 12, 23),
(86, NULL, 'PENDING', 'Khách tạo đơn hàng.', '2026-06-22 09:00:00', 9, 24),
(87, 'PENDING', 'PREPARING', 'Kho xác nhận và chuẩn bị hàng.', '2026-06-22 11:30:00', 12, 24),
(88, 'PREPARING', 'SHIPPING', 'Đơn đã bàn giao cho vận chuyển.', '2026-06-22 13:30:00', 12, 24),
(89, 'SHIPPING', 'SUCCESS', 'Giao hàng thành công.', '2026-06-22 15:30:00', 12, 24),
(94, NULL, 'PENDING', 'Khách tạo đơn hàng.', '2026-06-24 09:00:00', 2, 26),
(95, 'PENDING', 'PREPARING', 'Kho xác nhận và chuẩn bị hàng.', '2026-06-24 11:30:00', 12, 26),
(96, 'PREPARING', 'SHIPPING', 'Đơn đã bàn giao cho vận chuyển.', '2026-06-24 13:30:00', 12, 26),
(97, 'SHIPPING', 'SUCCESS', 'Giao hàng thành công.', '2026-06-24 15:30:00', 12, 26),
(98, NULL, 'PENDING', 'Khách tạo đơn hàng.', '2026-06-25 09:00:00', 3, 27),
(99, 'PENDING', 'PREPARING', 'Kho xác nhận và chuẩn bị hàng.', '2026-06-25 11:30:00', 12, 27),
(100, 'PREPARING', 'SHIPPING', 'Đơn đã bàn giao cho vận chuyển.', '2026-06-25 13:30:00', 12, 27),
(101, 'SHIPPING', 'SUCCESS', 'Giao hàng thành công.', '2026-06-25 15:30:00', 12, 27),
(102, NULL, 'PENDING', 'Khách tạo đơn hàng.', '2026-06-25 09:00:00', 4, 28),
(103, 'PENDING', 'PREPARING', 'Kho xác nhận và chuẩn bị hàng.', '2026-06-25 11:30:00', 12, 28),
(104, 'PREPARING', 'SHIPPING', 'Đơn đã bàn giao cho vận chuyển.', '2026-06-25 13:30:00', 12, 28),
(105, 'SHIPPING', 'SUCCESS', 'Giao hàng thành công.', '2026-06-25 15:30:00', 12, 28),
(106, NULL, 'PENDING', 'Khách tạo đơn hàng.', '2026-06-25 09:00:00', 5, 29),
(107, NULL, 'PENDING', 'Khách tạo đơn hàng.', '2026-06-25 09:00:00', 6, 30),
(108, NULL, 'PENDING', 'Khách tạo đơn hàng.', '2026-06-24 09:00:00', 7, 31),
(109, 'PENDING', 'PREPARING', 'Kho xác nhận và chuẩn bị hàng.', '2026-06-24 11:30:00', 12, 31),
(110, NULL, 'PENDING', 'Khách tạo đơn hàng.', '2026-06-23 09:00:00', 8, 32),
(111, 'PENDING', 'PREPARING', 'Kho xác nhận và chuẩn bị hàng.', '2026-06-23 11:30:00', 12, 32),
(112, NULL, 'PENDING', 'Khách tạo đơn hàng.', '2026-06-22 09:00:00', 9, 33),
(113, 'PENDING', 'PREPARING', 'Kho xác nhận và chuẩn bị hàng.', '2026-06-22 11:30:00', 12, 33),
(114, 'PREPARING', 'SHIPPING', 'Đơn đã bàn giao cho vận chuyển.', '2026-06-22 13:30:00', 12, 33),
(118, NULL, 'PENDING', 'Khách tạo đơn hàng.', '2026-06-20 09:00:00', 2, 35),
(119, 'PENDING', 'CANCELLED', 'Đơn bị hủy hoặc thanh toán thất bại.', '2026-06-20 11:30:00', 11, 35),
(120, NULL, 'PENDING', 'Khách tạo đơn hàng.', '2026-06-18 09:00:00', 3, 36),
(121, 'PENDING', 'CANCELLED', 'Đơn bị hủy hoặc thanh toán thất bại.', '2026-06-18 11:30:00', 11, 36),
(122, NULL, 'PENDING', 'Khách tạo đơn hàng.', '2026-06-16 09:00:00', 4, 37),
(123, 'PENDING', 'PREPARING', 'Kho xác nhận và chuẩn bị hàng.', '2026-06-16 11:30:00', 12, 37),
(124, 'PREPARING', 'SHIPPING', 'Đơn đã bàn giao cho vận chuyển.', '2026-06-16 13:30:00', 12, 37),
(125, 'SHIPPING', 'SUCCESS', 'Giao hàng thành công.', '2026-06-16 15:30:00', 12, 37),
(126, 'SUCCESS', 'RETURNED', 'Khách trả hàng sau khi nhận.', '2026-06-16 17:30:00', 12, 37),
(127, NULL, 'PENDING', 'Khách tạo đơn hàng.', '2026-06-14 09:00:00', 5, 38),
(128, 'PENDING', 'PREPARING', 'Kho xác nhận và chuẩn bị hàng.', '2026-06-14 11:30:00', 12, 38),
(129, 'PREPARING', 'SHIPPING', 'Đơn đã bàn giao cho vận chuyển.', '2026-06-14 13:30:00', 12, 38),
(130, 'SHIPPING', 'SUCCESS', 'Giao hàng thành công.', '2026-06-14 15:30:00', 12, 38),
(131, 'SUCCESS', 'RETURNED', 'Khách trả hàng sau khi nhận.', '2026-06-14 17:30:00', 12, 38),
(132, NULL, 'PENDING', 'Khách tạo đơn hàng.', '2026-06-25 09:00:00', 6, 39),
(133, 'PENDING', 'PREPARING', 'Kho xác nhận và chuẩn bị hàng.', '2026-06-25 11:30:00', 12, 39),
(134, 'PREPARING', 'SHIPPING', 'Đơn đã bàn giao cho vận chuyển.', '2026-06-25 13:30:00', 12, 39),
(135, 'SHIPPING', 'SUCCESS', 'Giao hàng thành công.', '2026-06-25 15:30:00', 12, 39),
(136, NULL, 'PENDING', 'Khách tạo đơn hàng.', '2026-06-25 09:00:00', 7, 40),
(137, 'PENDING', 'PREPARING', 'Kho xác nhận và chuẩn bị hàng.', '2026-06-25 11:30:00', 12, 40),
(138, 'PREPARING', 'SHIPPING', 'Đơn đã bàn giao cho vận chuyển.', '2026-06-25 13:30:00', 12, 40),
(139, 'SHIPPING', 'SUCCESS', 'Giao hàng thành công.', '2026-06-25 15:30:00', 12, 40);

-- Payments
-- Không có Payment entity/table. Payment nằm trong orders.payment_method, orders.payment_status, orders.transaction_id.

-- Wishlists
INSERT INTO wishlists (id, user_id, product_id, created_at, updated_at) VALUES
(1, 1, 10, '2026-06-08', '2026-06-08'),
(2, 1, 16, '2026-06-08', '2026-06-08'),
(3, 1, 24, '2026-06-08', '2026-06-08'),
(4, 2, 3, '2026-06-08', '2026-06-08'),
(5, 3, 5, '2026-06-08', '2026-06-08'),
(6, 4, 18, '2026-06-08', '2026-06-08'),
(7, 5, 20, '2026-06-08', '2026-06-08'),
(8, 6, 25, '2026-06-08', '2026-06-08');

-- Reviews
INSERT INTO reviews (id, rating, content, order_id, product_id, user_id, created_at, updated_at) VALUES
(3, 4, 'K8 Pro dễ dùng, keycap PBT ổn và layout TKL rất hợp làm việc.', 6, 2, 2, '2026-05-15', '2026-05-15'),
(4, 5, 'Q5 Max layout 96% gọn hơn fullsize nhưng vẫn có numpad, rất tiện.', 7, 11, 3, '2026-05-23', '2026-05-23'),
(5, 4, 'M6 cầm thoải mái, dùng văn phòng và chỉnh ảnh đều ổn.', 8, 20, 4, '2026-04-24', '2026-04-24'),
(6, 5, 'V1 Max đáng tiền, có knob và wireless đầy đủ cho người mới vào hobby.', NULL, 4, 5, '2026-06-10', '2026-06-10'),
(7, 5, 'K2 HE rapid trigger rất thú vị khi chơi game, magnetic switch phản hồi nhanh.', NULL, 7, 6, '2026-06-11', '2026-06-11'),
(8, 4, 'K3 Max mỏng, nhẹ, hợp mang giữa nhà và văn phòng.', NULL, 8, 7, '2026-06-12', '2026-06-12'),
(9, 5, 'Q3 Max TKL build nhôm chắc và không chiếm quá nhiều bàn.', NULL, 10, 8, '2026-06-12', '2026-06-12'),
(10, 4, 'V2 Max 65% rất gọn, đủ phím điều hướng cho daily.', NULL, 18, 9, '2026-06-13', '2026-06-13'),
(11, 5, 'Q11 split giúp cổ tay thoải mái hơn, hơi mất thời gian làm quen nhưng rất đáng.', NULL, 23, 2, '2026-06-14', '2026-06-14'),
(12, 4, 'V10 Max Alice layout tiện nếu đã quen ergonomic keyboard.', NULL, 24, 3, '2026-06-14', '2026-06-14'),
(13, 5, 'Q12 Max southpaw numpad lạ mà dùng spreadsheet rất tiện.', NULL, 25, 4, '2026-06-15', '2026-06-15'),
(14, 4, 'M3 nhẹ, sensor ổn, giá hợp lý cho chuột wireless.', NULL, 21, 5, '2026-06-15', '2026-06-15'),
(15, 5, 'M2 nhỏ gọn, pin ổn và receiver 4K dùng mượt.', NULL, 22, 6, '2026-06-16', '2026-06-16'),
(16, 5, 'Q6 Pro fullsize hợp làm việc kế toán, build rất chắc.', NULL, 17, 7, '2026-06-16', '2026-06-16'),
(17, 4, 'B1 Pro mỏng, pin lâu, phù hợp setup văn phòng tối giản.', NULL, 9, 8, '2026-06-17', '2026-06-17'),
(18, 5, 'Q14 Max Alice 96% là layout rất thú vị nếu cần numpad nhưng vẫn muốn ergonomic.', NULL, 26, 9, '2026-06-17', '2026-06-17');

-- Review Images
INSERT INTO review_images (review_id, image_url) VALUES
(3, 'https://www.keychron.com/cdn/shop/products/Keychron-K8-Pro-QMK-VIA-Wireless-Mechanical-Keyboard-for-Mac-Windows-PBT-keycaps-B-PCB-screw-in-stabilizer-hot-swappable-Gateron-G-Pro-mechanical-red-switch.jpg?v=1666259691&width=1920'),
(4, 'https://www.keychron.com/cdn/shop/files/Keychron-Q5-Max-QMK-VIA-Wireless-Custom-Mechanical-Keyboard-96_-Layout-Aluminum-Black-Fully-Assembled-Knob-for-Mac-Windows-Linux-Gateron-Jupiter-Red.jpg?v=1753839750&width=1920'),
(5, 'https://www.keychron.com/cdn/shop/files/Keychron-M6-wireless-8K-mouse-black..jpg?v=1762586911&width=1920'),
(11, 'https://www.keychron.com/cdn/shop/files/Keychron-Q11-QMK-VIA-75-percent-split-custom-mechanical-keyboard-full-aluminum-frame-for-Mac-Window-Linux-fully-assembled-knob-black-Keychron-super-switch-red.jpg?v=1758341470&width=1920');

-- Review Replies
INSERT INTO review_replies (id, review_id, user_id, content, created_at, updated_at) VALUES
(3, 5, 11, 'Cảm ơn đánh giá chi tiết. Nếu cần tư vấn mouse feet hoặc grip tape, shop luôn sẵn sàng hỗ trợ.', '2026-04-25', '2026-04-25'),
(4, 11, 11, 'Split keyboard cần thời gian làm quen, nhưng khi quen thì rất thoải mái cho cổ tay.', '2026-06-15', '2026-06-15');

-- Enable foreign key checks
SET FOREIGN_KEY_CHECKS = 1;
